[{"model": "admin.logentry", "pk": 1, "fields": {"action_time": "2021-08-18T16:02:09.836Z", "user": 1, "content_type": 7, "object_id": "1", "object_repr": "boardgamebazaar.example.com", "action_flag": 2, "change_message": "[{\"changed\": {\"fields\": [\"Domain name\", \"Display name\"]}}]"}}, {"model": "admin.logentry", "pk": 2, "fields": {"action_time": "2021-08-18T16:32:03.144Z", "user": 1, "content_type": 8, "object_id": "1", "object_repr": "undritz.cu@gmail.com", "action_flag": 1, "change_message": "[{\"added\": {}}]"}}, {"model": "admin.logentry", "pk": 3, "fields": {"action_time": "2021-08-22T09:45:11.554Z", "user": 1, "content_type": 16, "object_id": "1", "object_repr": "none", "action_flag": 1, "change_message": "[{\"added\": {}}]"}}, {"model": "admin.logentry", "pk": 4, "fields": {"action_time": "2021-08-22T09:45:28.433Z", "user": 1, "content_type": 16, "object_id": "2", "object_repr": "bestseller", "action_flag": 1, "change_message": "[{\"added\": {}}]"}}, {"model": "admin.logentry", "pk": 5, "fields": {"action_time": "2021-08-22T09:45:39.653Z", "user": 1, "content_type": 16, "object_id": "3", "object_repr": "preorder", "action_flag": 1, "change_message": "[{\"added\": {}}]"}}, {"model": "admin.logentry", "pk": 6, "fields": {"action_time": "2021-08-22T09:45:59.980Z", "user": 1, "content_type": 16, "object_id": "4", "object_repr": "on_sale", "action_flag": 1, "change_message": "[{\"added\": {}}]"}}, {"model": "admin.logentry", "pk": 7, "fields": {"action_time": "2021-08-22T09:46:05.690Z", "user": 1, "content_type": 16, "object_id": "5", "object_repr": "used", "action_flag": 1, "change_message": "[{\"added\": {}}]"}}, {"model": "admin.logentry", "pk": 8, "fields": {"action_time": "2021-08-22T09:46:39.441Z", "user": 1, "content_type": 14, "object_id": "1", "object_repr": "2_player", "action_flag": 1, "change_message": "[{\"added\": {}}]"}}, {"model": "admin.logentry", "pk": 9, "fields": {"action_time": "2021-08-22T09:46:51.359Z", "user": 1, "content_type": 14, "object_id": "2", "object_repr": "card_games", "action_flag": 1, "change_message": "[{\"added\": {}}]"}}, {"model": "admin.logentry", "pk": 10, "fields": {"action_time": "2021-08-22T09:47:04.072Z", "user": 1, "content_type": 14, "object_id": "3", "object_repr": "childrens", "action_flag": 1, "change_message": "[{\"added\": {}}]"}}, {"model": "admin.logentry", "pk": 11, "fields": {"action_time": "2021-08-22T09:47:18.899Z", "user": 1, "content_type": 14, "object_id": "4", "object_repr": "cooperative", "action_flag": 1, "change_message": "[{\"added\": {}}]"}}, {"model": "admin.logentry", "pk": 12, "fields": {"action_time": "2021-08-22T09:47:32.431Z", "user": 1, "content_type": 14, "object_id": "5", "object_repr": "dice_games", "action_flag": 1, "change_message": "[{\"added\": {}}]"}}, {"model": "admin.logentry", "pk": 13, "fields": {"action_time": "2021-08-22T09:47:43.380Z", "user": 1, "content_type": 14, "object_id": "6", "object_repr": "strategy", "action_flag": 1, "change_message": "[{\"added\": {}}]"}}, {"model": "admin.logentry", "pk": 14, "fields": {"action_time": "2021-08-22T09:48:00.074Z", "user": 1, "content_type": 14, "object_id": "7", "object_repr": "party", "action_flag": 1, "change_message": "[{\"added\": {}}]"}}, {"model": "admin.logentry", "pk": 15, "fields": {"action_time": "2021-08-22T09:48:14.362Z", "user": 1, "content_type": 14, "object_id": "8", "object_repr": "d_and_d", "action_flag": 1, "change_message": "[{\"added\": {}}]"}}, {"model": "admin.logentry", "pk": 16, "fields": {"action_time": "2021-08-22T09:48:24.088Z", "user": 1, "content_type": 14, "object_id": "9", "object_repr": "euro", "action_flag": 1, "change_message": "[{\"added\": {}}]"}}, {"model": "admin.logentry", "pk": 17, "fields": {"action_time": "2021-08-22T09:48:33.690Z", "user": 1, "content_type": 14, "object_id": "10", "object_repr": "railroad", "action_flag": 1, "change_message": "[{\"added\": {}}]"}}, {"model": "admin.logentry", "pk": 18, "fields": {"action_time": "2021-08-22T09:48:42.698Z", "user": 1, "content_type": 14, "object_id": "11", "object_repr": "war", "action_flag": 1, "change_message": "[{\"added\": {}}]"}}, {"model": "admin.logentry", "pk": 19, "fields": {"action_time": "2021-08-22T09:48:56.613Z", "user": 1, "content_type": 14, "object_id": "12", "object_repr": "economic", "action_flag": 1, "change_message": "[{\"added\": {}}]"}}, {"model": "admin.logentry", "pk": 20, "fields": {"action_time": "2021-08-22T09:49:07.943Z", "user": 1, "content_type": 14, "object_id": "1", "object_repr": "2_player", "action_flag": 2, "change_message": "[{\"changed\": {\"fields\": [\"Friendly name\"]}}]"}}, {"model": "admin.logentry", "pk": 21, "fields": {"action_time": "2021-08-22T09:50:03.182Z", "user": 1, "content_type": 13, "object_id": "1", "object_repr": "excellent", "action_flag": 1, "change_message": "[{\"added\": {}}]"}}, {"model": "admin.logentry", "pk": 22, "fields": {"action_time": "2021-08-22T09:50:15.054Z", "user": 1, "content_type": 13, "object_id": "2", "object_repr": "very_good", "action_flag": 1, "change_message": "[{\"added\": {}}]"}}, {"model": "admin.logentry", "pk": 23, "fields": {"action_time": "2021-08-22T09:50:23.202Z", "user": 1, "content_type": 13, "object_id": "3", "object_repr": "good", "action_flag": 1, "change_message": "[{\"added\": {}}]"}}, {"model": "admin.logentry", "pk": 24, "fields": {"action_time": "2021-08-22T09:50:31.201Z", "user": 1, "content_type": 13, "object_id": "4", "object_repr": "worn", "action_flag": 1, "change_message": "[{\"added\": {}}]"}}, {"model": "admin.logentry", "pk": 25, "fields": {"action_time": "2021-08-22T09:50:36.531Z", "user": 1, "content_type": 13, "object_id": "5", "object_repr": "new", "action_flag": 1, "change_message": "[{\"added\": {}}]"}}, {"model": "admin.logentry", "pk": 26, "fields": {"action_time": "2021-08-22T09:52:52.904Z", "user": 1, "content_type": 17, "object_id": "1", "object_repr": "Great Western Trail", "action_flag": 1, "change_message": "[{\"added\": {}}]"}}, {"model": "admin.logentry", "pk": 27, "fields": {"action_time": "2021-08-22T09:53:13.040Z", "user": 1, "content_type": 15, "object_id": "1", "object_repr": "GenreAssignment object (1)", "action_flag": 1, "change_message": "[{\"added\": {}}]"}}, {"model": "admin.logentry", "pk": 28, "fields": {"action_time": "2021-08-22T09:53:20.363Z", "user": 1, "content_type": 15, "object_id": "2", "object_repr": "GenreAssignment object (2)", "action_flag": 1, "change_message": "[{\"added\": {}}]"}}, {"model": "admin.logentry", "pk": 29, "fields": {"action_time": "2021-08-22T09:53:28.567Z", "user": 1, "content_type": 15, "object_id": "1", "object_repr": "GenreAssignment object (1)", "action_flag": 2, "change_message": "[]"}}, {"model": "admin.logentry", "pk": 30, "fields": {"action_time": "2021-08-22T09:54:11.150Z", "user": 1, "content_type": 17, "object_id": "1", "object_repr": "Great Western Trail", "action_flag": 3, "change_message": ""}}, {"model": "admin.logentry", "pk": 31, "fields": {"action_time": "2021-08-22T12:37:22.033Z", "user": 1, "content_type": 17, "object_id": "2", "object_repr": "Great Western Trail", "action_flag": 1, "change_message": "[{\"added\": {}}]"}}, {"model": "admin.logentry", "pk": 32, "fields": {"action_time": "2021-08-22T12:37:35.968Z", "user": 1, "content_type": 15, "object_id": "3", "object_repr": "GenreAssignment object (3)", "action_flag": 1, "change_message": "[{\"added\": {}}]"}}, {"model": "admin.logentry", "pk": 33, "fields": {"action_time": "2021-08-22T12:37:43.760Z", "user": 1, "content_type": 15, "object_id": "4", "object_repr": "GenreAssignment object (4)", "action_flag": 1, "change_message": "[{\"added\": {}}]"}}, {"model": "admin.logentry", "pk": 34, "fields": {"action_time": "2021-08-22T12:40:00.416Z", "user": 1, "content_type": 17, "object_id": "3", "object_repr": "Brass Birmingham", "action_flag": 1, "change_message": "[{\"added\": {}}]"}}, {"model": "admin.logentry", "pk": 35, "fields": {"action_time": "2021-08-22T12:41:00.484Z", "user": 1, "content_type": 17, "object_id": "4", "object_repr": "Ticket To Ride", "action_flag": 1, "change_message": "[{\"added\": {}}]"}}, {"model": "admin.logentry", "pk": 36, "fields": {"action_time": "2021-08-22T12:41:15.234Z", "user": 1, "content_type": 15, "object_id": "5", "object_repr": "GenreAssignment object (5)", "action_flag": 1, "change_message": "[{\"added\": {}}]"}}, {"model": "admin.logentry", "pk": 37, "fields": {"action_time": "2021-08-22T12:41:24.546Z", "user": 1, "content_type": 15, "object_id": "6", "object_repr": "GenreAssignment object (6)", "action_flag": 1, "change_message": "[{\"added\": {}}]"}}, {"model": "admin.logentry", "pk": 38, "fields": {"action_time": "2021-08-22T12:41:35.689Z", "user": 1, "content_type": 15, "object_id": "7", "object_repr": "GenreAssignment object (7)", "action_flag": 1, "change_message": "[{\"added\": {}}]"}}, {"model": "admin.logentry", "pk": 39, "fields": {"action_time": "2021-08-22T12:41:46.516Z", "user": 1, "content_type": 15, "object_id": "8", "object_repr": "GenreAssignment object (8)", "action_flag": 1, "change_message": "[{\"added\": {}}]"}}, {"model": "admin.logentry", "pk": 40, "fields": {"action_time": "2021-08-22T12:42:55.973Z", "user": 1, "content_type": 17, "object_id": "5", "object_repr": "Scythe", "action_flag": 1, "change_message": "[{\"added\": {}}]"}}, {"model": "admin.logentry", "pk": 41, "fields": {"action_time": "2021-08-22T12:43:51.320Z", "user": 1, "content_type": 17, "object_id": "6", "object_repr": "Irish Gauge", "action_flag": 1, "change_message": "[{\"added\": {}}]"}}, {"model": "admin.logentry", "pk": 42, "fields": {"action_time": "2021-08-22T12:44:06.680Z", "user": 1, "content_type": 15, "object_id": "9", "object_repr": "GenreAssignment object (9)", "action_flag": 1, "change_message": "[{\"added\": {}}]"}}, {"model": "admin.logentry", "pk": 43, "fields": {"action_time": "2021-08-22T12:44:16.563Z", "user": 1, "content_type": 15, "object_id": "10", "object_repr": "GenreAssignment object (10)", "action_flag": 1, "change_message": "[{\"added\": {}}]"}}, {"model": "admin.logentry", "pk": 44, "fields": {"action_time": "2021-08-22T12:44:26.922Z", "user": 1, "content_type": 15, "object_id": "11", "object_repr": "GenreAssignment object (11)", "action_flag": 1, "change_message": "[{\"added\": {}}]"}}, {"model": "admin.logentry", "pk": 45, "fields": {"action_time": "2021-08-22T12:44:38.701Z", "user": 1, "content_type": 15, "object_id": "12", "object_repr": "GenreAssignment object (12)", "action_flag": 1, "change_message": "[{\"added\": {}}]"}}, {"model": "admin.logentry", "pk": 46, "fields": {"action_time": "2021-08-22T12:44:46.388Z", "user": 1, "content_type": 15, "object_id": "13", "object_repr": "GenreAssignment object (13)", "action_flag": 1, "change_message": "[{\"added\": {}}]"}}, {"model": "admin.logentry", "pk": 47, "fields": {"action_time": "2021-08-22T12:44:52.873Z", "user": 1, "content_type": 15, "object_id": "14", "object_repr": "GenreAssignment object (14)", "action_flag": 1, "change_message": "[{\"added\": {}}]"}}, {"model": "admin.logentry", "pk": 48, "fields": {"action_time": "2021-08-22T12:45:12.916Z", "user": 1, "content_type": 15, "object_id": "14", "object_repr": "GenreAssignment object (14)", "action_flag": 2, "change_message": "[]"}}, {"model": "admin.logentry", "pk": 49, "fields": {"action_time": "2021-08-22T12:45:16.320Z", "user": 1, "content_type": 15, "object_id": "13", "object_repr": "GenreAssignment object (13)", "action_flag": 2, "change_message": "[]"}}, {"model": "admin.logentry", "pk": 50, "fields": {"action_time": "2021-08-22T12:45:22.015Z", "user": 1, "content_type": 15, "object_id": "12", "object_repr": "GenreAssignment object (12)", "action_flag": 3, "change_message": ""}}, {"model": "admin.logentry", "pk": 51, "fields": {"action_time": "2021-08-22T12:46:23.056Z", "user": 1, "content_type": 17, "object_id": "7", "object_repr": "Caverna: Cave Vs Cave", "action_flag": 1, "change_message": "[{\"added\": {}}]"}}, {"model": "admin.logentry", "pk": 52, "fields": {"action_time": "2021-08-22T12:47:15.682Z", "user": 1, "content_type": 17, "object_id": "8", "object_repr": "Summoner Wars: 2nd Edition", "action_flag": 1, "change_message": "[{\"added\": {}}]"}}, {"model": "admin.logentry", "pk": 53, "fields": {"action_time": "2021-08-22T12:47:43.114Z", "user": 1, "content_type": 15, "object_id": "15", "object_repr": "GenreAssignment object (15)", "action_flag": 1, "change_message": "[{\"added\": {}}]"}}, {"model": "admin.logentry", "pk": 54, "fields": {"action_time": "2021-08-22T12:47:54.154Z", "user": 1, "content_type": 15, "object_id": "16", "object_repr": "GenreAssignment object (16)", "action_flag": 1, "change_message": "[{\"added\": {}}]"}}, {"model": "admin.logentry", "pk": 55, "fields": {"action_time": "2021-08-22T12:47:59.870Z", "user": 1, "content_type": 15, "object_id": "17", "object_repr": "GenreAssignment object (17)", "action_flag": 1, "change_message": "[{\"added\": {}}]"}}, {"model": "admin.logentry", "pk": 56, "fields": {"action_time": "2021-08-22T12:48:13.245Z", "user": 1, "content_type": 15, "object_id": "18", "object_repr": "GenreAssignment object (18)", "action_flag": 1, "change_message": "[{\"added\": {}}]"}}, {"model": "admin.logentry", "pk": 57, "fields": {"action_time": "2021-08-22T12:49:38.015Z", "user": 1, "content_type": 17, "object_id": "9", "object_repr": "Fire in the Sky", "action_flag": 1, "change_message": "[{\"added\": {}}]"}}, {"model": "admin.logentry", "pk": 58, "fields": {"action_time": "2021-08-22T12:49:45.094Z", "user": 1, "content_type": 17, "object_id": "7", "object_repr": "Caverna: Cave Vs Cave", "action_flag": 2, "change_message": "[{\"changed\": {\"fields\": [\"Status\"]}}]"}}, {"model": "admin.logentry", "pk": 59, "fields": {"action_time": "2021-08-22T12:49:57.964Z", "user": 1, "content_type": 15, "object_id": "19", "object_repr": "GenreAssignment object (19)", "action_flag": 1, "change_message": "[{\"added\": {}}]"}}, {"model": "admin.logentry", "pk": 60, "fields": {"action_time": "2021-08-22T12:50:02.974Z", "user": 1, "content_type": 15, "object_id": "20", "object_repr": "GenreAssignment object (20)", "action_flag": 1, "change_message": "[{\"added\": {}}]"}}, {"model": "admin.logentry", "pk": 61, "fields": {"action_time": "2021-08-22T12:51:35.649Z", "user": 1, "content_type": 17, "object_id": "10", "object_repr": "Railroad Ink: Blazing Red Edition", "action_flag": 1, "change_message": "[{\"added\": {}}]"}}, {"model": "admin.logentry", "pk": 62, "fields": {"action_time": "2021-08-22T12:52:19.509Z", "user": 1, "content_type": 17, "object_id": "11", "object_repr": "Tsukuyumi: Full Moon Down", "action_flag": 1, "change_message": "[{\"added\": {}}]"}}, {"model": "admin.logentry", "pk": 63, "fields": {"action_time": "2021-08-22T12:52:35.532Z", "user": 1, "content_type": 15, "object_id": "21", "object_repr": "GenreAssignment object (21)", "action_flag": 1, "change_message": "[{\"added\": {}}]"}}, {"model": "admin.logentry", "pk": 64, "fields": {"action_time": "2021-08-22T12:52:56.800Z", "user": 1, "content_type": 15, "object_id": "22", "object_repr": "GenreAssignment object (22)", "action_flag": 1, "change_message": "[{\"added\": {}}]"}}, {"model": "admin.logentry", "pk": 65, "fields": {"action_time": "2021-08-22T12:53:08.767Z", "user": 1, "content_type": 15, "object_id": "23", "object_repr": "GenreAssignment object (23)", "action_flag": 1, "change_message": "[{\"added\": {}}]"}}, {"model": "admin.logentry", "pk": 66, "fields": {"action_time": "2021-08-22T19:42:51.924Z", "user": 1, "content_type": 17, "object_id": "9", "object_repr": "Fire in the Sky", "action_flag": 2, "change_message": "[{\"changed\": {\"fields\": [\"Stock\"]}}]"}}, {"model": "admin.logentry", "pk": 67, "fields": {"action_time": "2021-08-24T15:29:41.733Z", "user": 1, "content_type": 17, "object_id": "2", "object_repr": "Great Western Trail", "action_flag": 2, "change_message": "[{\"changed\": {\"fields\": [\"Release date\"]}}]"}}, {"model": "admin.logentry", "pk": 68, "fields": {"action_time": "2021-08-24T15:30:23.557Z", "user": 1, "content_type": 17, "object_id": "3", "object_repr": "Brass Birmingham", "action_flag": 2, "change_message": "[{\"changed\": {\"fields\": [\"Release date\"]}}]"}}, {"model": "admin.logentry", "pk": 69, "fields": {"action_time": "2021-08-24T15:30:59.106Z", "user": 1, "content_type": 17, "object_id": "4", "object_repr": "Ticket To Ride", "action_flag": 2, "change_message": "[{\"changed\": {\"fields\": [\"Release date\"]}}]"}}, {"model": "admin.logentry", "pk": 70, "fields": {"action_time": "2021-08-24T15:31:26.357Z", "user": 1, "content_type": 17, "object_id": "5", "object_repr": "Scythe", "action_flag": 2, "change_message": "[{\"changed\": {\"fields\": [\"Release date\"]}}]"}}, {"model": "admin.logentry", "pk": 71, "fields": {"action_time": "2021-08-24T15:32:02.545Z", "user": 1, "content_type": 17, "object_id": "6", "object_repr": "Irish Gauge", "action_flag": 2, "change_message": "[{\"changed\": {\"fields\": [\"Release date\"]}}]"}}, {"model": "admin.logentry", "pk": 72, "fields": {"action_time": "2021-08-24T15:32:31.539Z", "user": 1, "content_type": 17, "object_id": "7", "object_repr": "Caverna: Cave Vs Cave", "action_flag": 2, "change_message": "[{\"changed\": {\"fields\": [\"Release date\"]}}]"}}, {"model": "admin.logentry", "pk": 73, "fields": {"action_time": "2021-08-24T15:33:04.617Z", "user": 1, "content_type": 17, "object_id": "8", "object_repr": "Summoner Wars: 2nd Edition", "action_flag": 2, "change_message": "[{\"changed\": {\"fields\": [\"Release date\"]}}]"}}, {"model": "admin.logentry", "pk": 74, "fields": {"action_time": "2021-08-24T15:33:20.963Z", "user": 1, "content_type": 17, "object_id": "9", "object_repr": "Fire in the Sky", "action_flag": 2, "change_message": "[{\"changed\": {\"fields\": [\"Release date\"]}}]"}}, {"model": "admin.logentry", "pk": 75, "fields": {"action_time": "2021-08-24T15:33:54.913Z", "user": 1, "content_type": 17, "object_id": "10", "object_repr": "Railroad Ink: Blazing Red Edition", "action_flag": 2, "change_message": "[{\"changed\": {\"fields\": [\"Release date\"]}}]"}}, {"model": "admin.logentry", "pk": 76, "fields": {"action_time": "2021-08-24T15:35:19.223Z", "user": 1, "content_type": 17, "object_id": "11", "object_repr": "Tsukuyumi: Full Moon Down", "action_flag": 2, "change_message": "[{\"changed\": {\"fields\": [\"Release date\"]}}]"}}, {"model": "admin.logentry", "pk": 77, "fields": {"action_time": "2021-08-24T15:35:30.216Z", "user": 1, "content_type": 17, "object_id": "11", "object_repr": "Tsukuyumi: Full Moon Down", "action_flag": 2, "change_message": "[]"}}, {"model": "admin.logentry", "pk": 78, "fields": {"action_time": "2021-08-24T17:50:09.185Z", "user": 1, "content_type": 17, "object_id": "2", "object_repr": "Great Western Trail", "action_flag": 2, "change_message": "[{\"changed\": {\"fields\": [\"On sale\"]}}]"}}, {"model": "admin.logentry", "pk": 79, "fields": {"action_time": "2021-08-24T19:52:22.476Z", "user": 1, "content_type": 17, "object_id": "11", "object_repr": "Tsukuyumi: Full Moon Down", "action_flag": 2, "change_message": "[{\"changed\": {\"fields\": [\"Release date\"]}}]"}}, {"model": "admin.logentry", "pk": 80, "fields": {"action_time": "2021-08-24T20:05:50.602Z", "user": 1, "content_type": 17, "object_id": "11", "object_repr": "Tsukuyumi: Full Moon Down", "action_flag": 2, "change_message": "[{\"changed\": {\"fields\": [\"Release date\"]}}]"}}, {"model": "admin.logentry", "pk": 81, "fields": {"action_time": "2021-08-24T20:09:35.625Z", "user": 1, "content_type": 17, "object_id": "11", "object_repr": "Tsukuyumi: Full Moon Down", "action_flag": 2, "change_message": "[{\"changed\": {\"fields\": [\"Release date\"]}}]"}}, {"model": "admin.logentry", "pk": 82, "fields": {"action_time": "2021-08-24T20:15:13.385Z", "user": 1, "content_type": 17, "object_id": "11", "object_repr": "Tsukuyumi: Full Moon Down", "action_flag": 2, "change_message": "[{\"changed\": {\"fields\": [\"Release date\"]}}]"}}, {"model": "admin.logentry", "pk": 83, "fields": {"action_time": "2021-08-24T20:18:37.859Z", "user": 1, "content_type": 17, "object_id": "11", "object_repr": "Tsukuyumi: Full Moon Down", "action_flag": 2, "change_message": "[{\"changed\": {\"fields\": [\"Release date\"]}}]"}}, {"model": "admin.logentry", "pk": 84, "fields": {"action_time": "2021-08-24T20:23:11.879Z", "user": 1, "content_type": 17, "object_id": "11", "object_repr": "Tsukuyumi: Full Moon Down", "action_flag": 2, "change_message": "[{\"changed\": {\"fields\": [\"Release date\"]}}]"}}, {"model": "admin.logentry", "pk": 85, "fields": {"action_time": "2021-08-25T07:10:26.079Z", "user": 1, "content_type": 17, "object_id": "3", "object_repr": "Brass Birmingham", "action_flag": 2, "change_message": "[{\"changed\": {\"fields\": [\"Release date\"]}}]"}}, {"model": "admin.logentry", "pk": 86, "fields": {"action_time": "2021-08-25T07:10:47.983Z", "user": 1, "content_type": 17, "object_id": "3", "object_repr": "Brass Birmingham", "action_flag": 2, "change_message": "[{\"changed\": {\"fields\": [\"Release date\"]}}]"}}, {"model": "admin.logentry", "pk": 87, "fields": {"action_time": "2021-08-25T20:07:20.213Z", "user": 1, "content_type": 15, "object_id": "24", "object_repr": "GenreAssignment object (24)", "action_flag": 1, "change_message": "[{\"added\": {}}]"}}, {"model": "admin.logentry", "pk": 88, "fields": {"action_time": "2021-08-26T08:35:03.815Z", "user": 1, "content_type": 14, "object_id": "13", "object_repr": "roll_write", "action_flag": 1, "change_message": "[{\"added\": {}}]"}}, {"model": "admin.logentry", "pk": 89, "fields": {"action_time": "2021-08-26T08:35:35.954Z", "user": 1, "content_type": 15, "object_id": "25", "object_repr": "GenreAssignment object (25)", "action_flag": 1, "change_message": "[{\"added\": {}}]"}}, {"model": "admin.logentry", "pk": 90, "fields": {"action_time": "2021-08-26T20:15:41.688Z", "user": 1, "content_type": 15, "object_id": "4", "object_repr": "GenreAssignment object (4)", "action_flag": 3, "change_message": ""}}, {"model": "admin.logentry", "pk": 91, "fields": {"action_time": "2021-08-26T20:15:41.714Z", "user": 1, "content_type": 15, "object_id": "3", "object_repr": "GenreAssignment object (3)", "action_flag": 3, "change_message": ""}}, {"model": "admin.logentry", "pk": 92, "fields": {"action_time": "2021-08-26T20:15:41.739Z", "user": 1, "content_type": 15, "object_id": "6", "object_repr": "GenreAssignment object (6)", "action_flag": 3, "change_message": ""}}, {"model": "admin.logentry", "pk": 93, "fields": {"action_time": "2021-08-26T20:15:41.761Z", "user": 1, "content_type": 15, "object_id": "5", "object_repr": "GenreAssignment object (5)", "action_flag": 3, "change_message": ""}}, {"model": "admin.logentry", "pk": 94, "fields": {"action_time": "2021-08-26T20:15:41.783Z", "user": 1, "content_type": 15, "object_id": "8", "object_repr": "GenreAssignment object (8)", "action_flag": 3, "change_message": ""}}, {"model": "admin.logentry", "pk": 95, "fields": {"action_time": "2021-08-26T20:15:41.807Z", "user": 1, "content_type": 15, "object_id": "7", "object_repr": "GenreAssignment object (7)", "action_flag": 3, "change_message": ""}}, {"model": "admin.logentry", "pk": 96, "fields": {"action_time": "2021-08-26T20:15:41.830Z", "user": 1, "content_type": 15, "object_id": "11", "object_repr": "GenreAssignment object (11)", "action_flag": 3, "change_message": ""}}, {"model": "admin.logentry", "pk": 97, "fields": {"action_time": "2021-08-26T20:15:41.852Z", "user": 1, "content_type": 15, "object_id": "10", "object_repr": "GenreAssignment object (10)", "action_flag": 3, "change_message": ""}}, {"model": "admin.logentry", "pk": 98, "fields": {"action_time": "2021-08-26T20:15:41.874Z", "user": 1, "content_type": 15, "object_id": "9", "object_repr": "GenreAssignment object (9)", "action_flag": 3, "change_message": ""}}, {"model": "admin.logentry", "pk": 99, "fields": {"action_time": "2021-08-26T20:15:41.902Z", "user": 1, "content_type": 15, "object_id": "14", "object_repr": "GenreAssignment object (14)", "action_flag": 3, "change_message": ""}}, {"model": "admin.logentry", "pk": 100, "fields": {"action_time": "2021-08-26T20:15:41.928Z", "user": 1, "content_type": 15, "object_id": "13", "object_repr": "GenreAssignment object (13)", "action_flag": 3, "change_message": ""}}, {"model": "admin.logentry", "pk": 101, "fields": {"action_time": "2021-08-26T20:15:41.953Z", "user": 1, "content_type": 15, "object_id": "16", "object_repr": "GenreAssignment object (16)", "action_flag": 3, "change_message": ""}}, {"model": "admin.logentry", "pk": 102, "fields": {"action_time": "2021-08-26T20:15:41.981Z", "user": 1, "content_type": 15, "object_id": "15", "object_repr": "GenreAssignment object (15)", "action_flag": 3, "change_message": ""}}, {"model": "admin.logentry", "pk": 103, "fields": {"action_time": "2021-08-26T20:15:42.004Z", "user": 1, "content_type": 15, "object_id": "18", "object_repr": "GenreAssignment object (18)", "action_flag": 3, "change_message": ""}}, {"model": "admin.logentry", "pk": 104, "fields": {"action_time": "2021-08-26T20:15:42.028Z", "user": 1, "content_type": 15, "object_id": "17", "object_repr": "GenreAssignment object (17)", "action_flag": 3, "change_message": ""}}, {"model": "admin.logentry", "pk": 105, "fields": {"action_time": "2021-08-26T20:15:42.055Z", "user": 1, "content_type": 15, "object_id": "20", "object_repr": "GenreAssignment object (20)", "action_flag": 3, "change_message": ""}}, {"model": "admin.logentry", "pk": 106, "fields": {"action_time": "2021-08-26T20:15:42.082Z", "user": 1, "content_type": 15, "object_id": "19", "object_repr": "GenreAssignment object (19)", "action_flag": 3, "change_message": ""}}, {"model": "admin.logentry", "pk": 107, "fields": {"action_time": "2021-08-26T20:15:42.106Z", "user": 1, "content_type": 15, "object_id": "25", "object_repr": "GenreAssignment object (25)", "action_flag": 3, "change_message": ""}}, {"model": "admin.logentry", "pk": 108, "fields": {"action_time": "2021-08-26T20:15:42.130Z", "user": 1, "content_type": 15, "object_id": "24", "object_repr": "GenreAssignment object (24)", "action_flag": 3, "change_message": ""}}, {"model": "admin.logentry", "pk": 109, "fields": {"action_time": "2021-08-26T20:15:42.154Z", "user": 1, "content_type": 15, "object_id": "21", "object_repr": "GenreAssignment object (21)", "action_flag": 3, "change_message": ""}}, {"model": "admin.logentry", "pk": 110, "fields": {"action_time": "2021-08-26T20:15:42.177Z", "user": 1, "content_type": 15, "object_id": "23", "object_repr": "GenreAssignment object (23)", "action_flag": 3, "change_message": ""}}, {"model": "admin.logentry", "pk": 111, "fields": {"action_time": "2021-08-26T20:15:42.201Z", "user": 1, "content_type": 15, "object_id": "22", "object_repr": "GenreAssignment object (22)", "action_flag": 3, "change_message": ""}}, {"model": "admin.logentry", "pk": 112, "fields": {"action_time": "2021-08-26T20:28:42.011Z", "user": 1, "content_type": 14, "object_id": "13", "object_repr": "roll_write", "action_flag": 2, "change_message": "[{\"changed\": {\"fields\": [\"Name\"]}}]"}}, {"model": "admin.logentry", "pk": 113, "fields": {"action_time": "2021-08-26T20:28:48.344Z", "user": 1, "content_type": 14, "object_id": "13", "object_repr": "roll_write", "action_flag": 2, "change_message": "[]"}}, {"model": "admin.logentry", "pk": 114, "fields": {"action_time": "2021-08-26T20:28:55.988Z", "user": 1, "content_type": 14, "object_id": "12", "object_repr": "economic", "action_flag": 2, "change_message": "[{\"changed\": {\"fields\": [\"Name\"]}}]"}}, {"model": "admin.logentry", "pk": 115, "fields": {"action_time": "2021-08-26T20:29:01.884Z", "user": 1, "content_type": 14, "object_id": "11", "object_repr": "war", "action_flag": 2, "change_message": "[{\"changed\": {\"fields\": [\"Name\"]}}]"}}, {"model": "admin.logentry", "pk": 116, "fields": {"action_time": "2021-08-26T20:29:10.388Z", "user": 1, "content_type": 14, "object_id": "10", "object_repr": "railroad", "action_flag": 2, "change_message": "[{\"changed\": {\"fields\": [\"Name\"]}}]"}}, {"model": "admin.logentry", "pk": 117, "fields": {"action_time": "2021-08-26T20:29:17.621Z", "user": 1, "content_type": 14, "object_id": "9", "object_repr": "euro", "action_flag": 2, "change_message": "[{\"changed\": {\"fields\": [\"Name\"]}}]"}}, {"model": "admin.logentry", "pk": 118, "fields": {"action_time": "2021-08-26T20:29:25.684Z", "user": 1, "content_type": 14, "object_id": "8", "object_repr": "d_and_d", "action_flag": 2, "change_message": "[{\"changed\": {\"fields\": [\"Name\"]}}]"}}, {"model": "admin.logentry", "pk": 119, "fields": {"action_time": "2021-08-26T20:29:33.197Z", "user": 1, "content_type": 14, "object_id": "7", "object_repr": "party", "action_flag": 2, "change_message": "[{\"changed\": {\"fields\": [\"Name\"]}}]"}}, {"model": "admin.logentry", "pk": 120, "fields": {"action_time": "2021-08-26T20:29:40.836Z", "user": 1, "content_type": 14, "object_id": "6", "object_repr": "strategy", "action_flag": 2, "change_message": "[{\"changed\": {\"fields\": [\"Name\"]}}]"}}, {"model": "admin.logentry", "pk": 121, "fields": {"action_time": "2021-08-26T20:29:48.520Z", "user": 1, "content_type": 14, "object_id": "5", "object_repr": "dice_games", "action_flag": 2, "change_message": "[{\"changed\": {\"fields\": [\"Name\"]}}]"}}, {"model": "admin.logentry", "pk": 122, "fields": {"action_time": "2021-08-26T20:30:01.592Z", "user": 1, "content_type": 14, "object_id": "4", "object_repr": "cooperative", "action_flag": 2, "change_message": "[{\"changed\": {\"fields\": [\"Name\"]}}]"}}, {"model": "admin.logentry", "pk": 123, "fields": {"action_time": "2021-08-26T20:30:11.769Z", "user": 1, "content_type": 14, "object_id": "3", "object_repr": "childrens", "action_flag": 2, "change_message": "[{\"changed\": {\"fields\": [\"Name\"]}}]"}}, {"model": "admin.logentry", "pk": 124, "fields": {"action_time": "2021-08-26T20:30:18.795Z", "user": 1, "content_type": 14, "object_id": "2", "object_repr": "card_games", "action_flag": 2, "change_message": "[{\"changed\": {\"fields\": [\"Name\"]}}]"}}, {"model": "admin.logentry", "pk": 125, "fields": {"action_time": "2021-08-26T20:30:26.160Z", "user": 1, "content_type": 14, "object_id": "1", "object_repr": "2_player", "action_flag": 2, "change_message": "[{\"changed\": {\"fields\": [\"Name\"]}}]"}}, {"model": "admin.logentry", "pk": 126, "fields": {"action_time": "2021-08-26T20:31:14.144Z", "user": 1, "content_type": 15, "object_id": "26", "object_repr": "GenreAssignment object (26)", "action_flag": 1, "change_message": "[{\"added\": {}}]"}}, {"model": "admin.logentry", "pk": 127, "fields": {"action_time": "2021-08-26T20:31:25.665Z", "user": 1, "content_type": 15, "object_id": "27", "object_repr": "GenreAssignment object (27)", "action_flag": 1, "change_message": "[{\"added\": {}}]"}}, {"model": "admin.logentry", "pk": 128, "fields": {"action_time": "2021-08-26T20:31:58.900Z", "user": 1, "content_type": 15, "object_id": "28", "object_repr": "GenreAssignment object (28)", "action_flag": 1, "change_message": "[{\"added\": {}}]"}}, {"model": "admin.logentry", "pk": 129, "fields": {"action_time": "2021-08-26T20:32:03.179Z", "user": 1, "content_type": 15, "object_id": "29", "object_repr": "GenreAssignment object (29)", "action_flag": 1, "change_message": "[{\"added\": {}}]"}}, {"model": "admin.logentry", "pk": 130, "fields": {"action_time": "2021-08-26T20:32:17.381Z", "user": 1, "content_type": 15, "object_id": "30", "object_repr": "GenreAssignment object (30)", "action_flag": 1, "change_message": "[{\"added\": {}}]"}}, {"model": "admin.logentry", "pk": 131, "fields": {"action_time": "2021-08-26T20:32:31.478Z", "user": 1, "content_type": 15, "object_id": "30", "object_repr": "GenreAssignment object (30)", "action_flag": 3, "change_message": ""}}, {"model": "admin.logentry", "pk": 132, "fields": {"action_time": "2021-08-26T20:32:46.645Z", "user": 1, "content_type": 15, "object_id": "31", "object_repr": "GenreAssignment object (31)", "action_flag": 1, "change_message": "[{\"added\": {}}]"}}, {"model": "admin.logentry", "pk": 133, "fields": {"action_time": "2021-08-26T20:32:59.246Z", "user": 1, "content_type": 15, "object_id": "32", "object_repr": "GenreAssignment object (32)", "action_flag": 1, "change_message": "[{\"added\": {}}]"}}, {"model": "admin.logentry", "pk": 134, "fields": {"action_time": "2021-08-26T20:33:10.873Z", "user": 1, "content_type": 15, "object_id": "33", "object_repr": "GenreAssignment object (33)", "action_flag": 1, "change_message": "[{\"added\": {}}]"}}, {"model": "admin.logentry", "pk": 135, "fields": {"action_time": "2021-08-26T20:33:18.326Z", "user": 1, "content_type": 15, "object_id": "34", "object_repr": "GenreAssignment object (34)", "action_flag": 1, "change_message": "[{\"added\": {}}]"}}, {"model": "admin.logentry", "pk": 136, "fields": {"action_time": "2021-08-26T20:33:27.106Z", "user": 1, "content_type": 15, "object_id": "35", "object_repr": "GenreAssignment object (35)", "action_flag": 1, "change_message": "[{\"added\": {}}]"}}, {"model": "admin.logentry", "pk": 137, "fields": {"action_time": "2021-08-26T20:33:34.764Z", "user": 1, "content_type": 15, "object_id": "36", "object_repr": "GenreAssignment object (36)", "action_flag": 1, "change_message": "[{\"added\": {}}]"}}, {"model": "admin.logentry", "pk": 138, "fields": {"action_time": "2021-08-26T20:33:40.437Z", "user": 1, "content_type": 15, "object_id": "37", "object_repr": "GenreAssignment object (37)", "action_flag": 1, "change_message": "[{\"added\": {}}]"}}, {"model": "admin.logentry", "pk": 139, "fields": {"action_time": "2021-08-26T20:33:50.893Z", "user": 1, "content_type": 15, "object_id": "38", "object_repr": "GenreAssignment object (38)", "action_flag": 1, "change_message": "[{\"added\": {}}]"}}, {"model": "admin.logentry", "pk": 140, "fields": {"action_time": "2021-08-26T20:33:57.167Z", "user": 1, "content_type": 15, "object_id": "39", "object_repr": "GenreAssignment object (39)", "action_flag": 1, "change_message": "[{\"added\": {}}]"}}, {"model": "admin.logentry", "pk": 141, "fields": {"action_time": "2021-08-26T20:34:07.052Z", "user": 1, "content_type": 15, "object_id": "40", "object_repr": "GenreAssignment object (40)", "action_flag": 1, "change_message": "[{\"added\": {}}]"}}, {"model": "admin.logentry", "pk": 142, "fields": {"action_time": "2021-08-26T20:34:13.436Z", "user": 1, "content_type": 15, "object_id": "41", "object_repr": "GenreAssignment object (41)", "action_flag": 1, "change_message": "[{\"added\": {}}]"}}, {"model": "admin.logentry", "pk": 143, "fields": {"action_time": "2021-08-26T20:34:22.619Z", "user": 1, "content_type": 15, "object_id": "42", "object_repr": "GenreAssignment object (42)", "action_flag": 1, "change_message": "[{\"added\": {}}]"}}, {"model": "admin.logentry", "pk": 144, "fields": {"action_time": "2021-08-26T20:34:32.015Z", "user": 1, "content_type": 15, "object_id": "43", "object_repr": "GenreAssignment object (43)", "action_flag": 1, "change_message": "[{\"added\": {}}]"}}, {"model": "admin.logentry", "pk": 145, "fields": {"action_time": "2021-08-26T20:34:37.550Z", "user": 1, "content_type": 15, "object_id": "44", "object_repr": "GenreAssignment object (44)", "action_flag": 1, "change_message": "[{\"added\": {}}]"}}, {"model": "admin.logentry", "pk": 146, "fields": {"action_time": "2021-08-26T20:34:45.617Z", "user": 1, "content_type": 15, "object_id": "45", "object_repr": "GenreAssignment object (45)", "action_flag": 1, "change_message": "[{\"added\": {}}]"}}, {"model": "admin.logentry", "pk": 147, "fields": {"action_time": "2021-08-26T20:34:50.575Z", "user": 1, "content_type": 15, "object_id": "46", "object_repr": "GenreAssignment object (46)", "action_flag": 1, "change_message": "[{\"added\": {}}]"}}, {"model": "admin.logentry", "pk": 148, "fields": {"action_time": "2021-08-26T20:34:57.062Z", "user": 1, "content_type": 15, "object_id": "47", "object_repr": "GenreAssignment object (47)", "action_flag": 1, "change_message": "[{\"added\": {}}]"}}, {"model": "admin.logentry", "pk": 149, "fields": {"action_time": "2021-08-26T20:35:03.149Z", "user": 1, "content_type": 15, "object_id": "48", "object_repr": "GenreAssignment object (48)", "action_flag": 1, "change_message": "[{\"added\": {}}]"}}, {"model": "admin.logentry", "pk": 150, "fields": {"action_time": "2021-08-26T20:45:41.836Z", "user": 1, "content_type": 15, "object_id": "49", "object_repr": "GenreAssignment object (49)", "action_flag": 1, "change_message": "[{\"added\": {}}]"}}, {"model": "admin.logentry", "pk": 151, "fields": {"action_time": "2021-08-26T22:16:34.688Z", "user": 1, "content_type": 15, "object_id": "50", "object_repr": "GenreAssignment object (50)", "action_flag": 1, "change_message": "[{\"added\": {}}]"}}, {"model": "admin.logentry", "pk": 152, "fields": {"action_time": "2021-08-27T11:39:00.338Z", "user": 1, "content_type": 17, "object_id": "2", "object_repr": "Great Western Trail", "action_flag": 2, "change_message": "[{\"changed\": {\"fields\": [\"Sale price\"]}}]"}}, {"model": "admin.logentry", "pk": 153, "fields": {"action_time": "2021-08-27T11:39:05.954Z", "user": 1, "content_type": 17, "object_id": "2", "object_repr": "Great Western Trail", "action_flag": 2, "change_message": "[]"}}, {"model": "admin.logentry", "pk": 154, "fields": {"action_time": "2021-08-27T11:44:00.711Z", "user": 1, "content_type": 17, "object_id": "2", "object_repr": "Great Western Trail", "action_flag": 2, "change_message": "[]"}}, {"model": "admin.logentry", "pk": 155, "fields": {"action_time": "2021-08-29T12:14:26.651Z", "user": 1, "content_type": 17, "object_id": "2", "object_repr": "Great Western Trail", "action_flag": 2, "change_message": "[{\"changed\": {\"fields\": [\"Release date\"]}}]"}}, {"model": "admin.logentry", "pk": 156, "fields": {"action_time": "2021-08-29T12:14:57.258Z", "user": 1, "content_type": 17, "object_id": "6", "object_repr": "Irish Gauge", "action_flag": 2, "change_message": "[{\"changed\": {\"fields\": [\"Release date\"]}}]"}}, {"model": "admin.logentry", "pk": 157, "fields": {"action_time": "2021-08-29T12:15:47.872Z", "user": 1, "content_type": 17, "object_id": "2", "object_repr": "Great Western Trail", "action_flag": 2, "change_message": "[{\"changed\": {\"fields\": [\"Release date\"]}}]"}}, {"model": "admin.logentry", "pk": 158, "fields": {"action_time": "2021-08-29T12:16:02.734Z", "user": 1, "content_type": 17, "object_id": "6", "object_repr": "Irish Gauge", "action_flag": 2, "change_message": "[{\"changed\": {\"fields\": [\"Release date\"]}}]"}}, {"model": "admin.logentry", "pk": 159, "fields": {"action_time": "2021-08-30T12:44:21.249Z", "user": 1, "content_type": 17, "object_id": "8", "object_repr": "Summoner Wars: 2nd Edition", "action_flag": 2, "change_message": "[{\"changed\": {\"fields\": [\"Stock\"]}}]"}}, {"model": "admin.logentry", "pk": 160, "fields": {"action_time": "2021-08-30T13:57:52.577Z", "user": 1, "content_type": 17, "object_id": "8", "object_repr": "Summoner Wars: 2nd Edition", "action_flag": 2, "change_message": "[{\"changed\": {\"fields\": [\"Stock\"]}}]"}}, {"model": "admin.logentry", "pk": 161, "fields": {"action_time": "2021-09-07T13:25:43.789Z", "user": 1, "content_type": 19, "object_id": "5", "object_repr": "CCB166F3E0EB4CF98EECC92F826A7145", "action_flag": 2, "change_message": "[{\"deleted\": {\"name\": \"order line item\", \"object\": \"SKU bg1000005 on order CCB166F3E0EB4CF98EECC92F826A7145\"}}]"}}, {"model": "admin.logentry", "pk": 162, "fields": {"action_time": "2021-09-07T13:27:55.087Z", "user": 1, "content_type": 19, "object_id": "5", "object_repr": "CCB166F3E0EB4CF98EECC92F826A7145", "action_flag": 2, "change_message": "[{\"changed\": {\"name\": \"order line item\", \"object\": \"SKU bg1000006 on order CCB166F3E0EB4CF98EECC92F826A7145\", \"fields\": [\"Quantity\"]}}]"}}, {"model": "admin.logentry", "pk": 163, "fields": {"action_time": "2021-09-07T13:28:24.298Z", "user": 1, "content_type": 19, "object_id": "5", "object_repr": "CCB166F3E0EB4CF98EECC92F826A7145", "action_flag": 2, "change_message": "[{\"changed\": {\"name\": \"order line item\", \"object\": \"SKU bg1000006 on order CCB166F3E0EB4CF98EECC92F826A7145\", \"fields\": [\"Quantity\"]}}, {\"changed\": {\"name\": \"order line item\", \"object\": \"SKU bg1000009 on order CCB166F3E0EB4CF98EECC92F826A7145\", \"fields\": [\"Quantity\"]}}]"}}, {"model": "admin.logentry", "pk": 164, "fields": {"action_time": "2021-09-10T10:02:16.313Z", "user": 1, "content_type": 17, "object_id": "2", "object_repr": "Great Western Trail", "action_flag": 2, "change_message": "[{\"changed\": {\"fields\": [\"Stock\"]}}]"}}, {"model": "admin.logentry", "pk": 165, "fields": {"action_time": "2021-09-10T10:03:42.257Z", "user": 1, "content_type": 17, "object_id": "2", "object_repr": "Great Western Trail", "action_flag": 2, "change_message": "[{\"changed\": {\"fields\": [\"Stock\"]}}]"}}, {"model": "admin.logentry", "pk": 166, "fields": {"action_time": "2021-09-10T10:05:39.386Z", "user": 1, "content_type": 17, "object_id": "2", "object_repr": "Great Western Trail", "action_flag": 2, "change_message": "[{\"changed\": {\"fields\": [\"Stock\"]}}]"}}, {"model": "admin.logentry", "pk": 167, "fields": {"action_time": "2021-09-10T10:08:12.725Z", "user": 1, "content_type": 17, "object_id": "3", "object_repr": "Brass Birmingham", "action_flag": 2, "change_message": "[{\"changed\": {\"fields\": [\"Stock\"]}}]"}}, {"model": "admin.logentry", "pk": 168, "fields": {"action_time": "2021-09-10T12:50:37.443Z", "user": 1, "content_type": 17, "object_id": "2", "object_repr": "Great Western Trail", "action_flag": 2, "change_message": "[{\"changed\": {\"fields\": [\"Stock\"]}}]"}}, {"model": "admin.logentry", "pk": 169, "fields": {"action_time": "2021-09-10T16:13:56.083Z", "user": 1, "content_type": 17, "object_id": "2", "object_repr": "Great Western Trail", "action_flag": 2, "change_message": "[{\"changed\": {\"fields\": [\"Stock\"]}}]"}}, {"model": "admin.logentry", "pk": 170, "fields": {"action_time": "2021-09-10T16:15:32.934Z", "user": 1, "content_type": 17, "object_id": "7", "object_repr": "Caverna: Cave Vs Cave", "action_flag": 2, "change_message": "[{\"changed\": {\"fields\": [\"Stock\"]}}]"}}, {"model": "admin.logentry", "pk": 171, "fields": {"action_time": "2021-09-10T16:20:18.324Z", "user": 1, "content_type": 17, "object_id": "7", "object_repr": "Caverna: Cave Vs Cave", "action_flag": 2, "change_message": "[{\"changed\": {\"fields\": [\"Stock\"]}}]"}}, {"model": "admin.logentry", "pk": 172, "fields": {"action_time": "2021-09-10T18:35:25.736Z", "user": 1, "content_type": 17, "object_id": "2", "object_repr": "Great Western Trail", "action_flag": 2, "change_message": "[{\"changed\": {\"fields\": [\"Stock\"]}}]"}}, {"model": "admin.logentry", "pk": 173, "fields": {"action_time": "2021-09-10T21:46:33.334Z", "user": 1, "content_type": 17, "object_id": "2", "object_repr": "Great Western Trail", "action_flag": 2, "change_message": "[{\"changed\": {\"fields\": [\"Stock\"]}}]"}}, {"model": "admin.logentry", "pk": 174, "fields": {"action_time": "2021-09-10T21:53:20.227Z", "user": 1, "content_type": 17, "object_id": "2", "object_repr": "Great Western Trail", "action_flag": 2, "change_message": "[{\"changed\": {\"fields\": [\"Stock\"]}}]"}}, {"model": "admin.logentry", "pk": 175, "fields": {"action_time": "2021-09-10T21:55:32.193Z", "user": 1, "content_type": 17, "object_id": "2", "object_repr": "Great Western Trail", "action_flag": 2, "change_message": "[{\"changed\": {\"fields\": [\"Stock\"]}}]"}}, {"model": "admin.logentry", "pk": 176, "fields": {"action_time": "2021-09-10T22:03:05.426Z", "user": 1, "content_type": 17, "object_id": "2", "object_repr": "Great Western Trail", "action_flag": 2, "change_message": "[{\"changed\": {\"fields\": [\"Stock\"]}}]"}}, {"model": "admin.logentry", "pk": 177, "fields": {"action_time": "2021-09-10T22:04:37.177Z", "user": 1, "content_type": 17, "object_id": "3", "object_repr": "Brass Birmingham", "action_flag": 2, "change_message": "[{\"changed\": {\"fields\": [\"Stock\"]}}]"}}, {"model": "admin.logentry", "pk": 178, "fields": {"action_time": "2021-09-10T22:04:54.729Z", "user": 1, "content_type": 17, "object_id": "2", "object_repr": "Great Western Trail", "action_flag": 2, "change_message": "[{\"changed\": {\"fields\": [\"Stock\"]}}]"}}, {"model": "admin.logentry", "pk": 179, "fields": {"action_time": "2021-09-10T22:05:31.821Z", "user": 1, "content_type": 17, "object_id": "2", "object_repr": "Great Western Trail", "action_flag": 2, "change_message": "[{\"changed\": {\"fields\": [\"Stock\"]}}]"}}, {"model": "admin.logentry", "pk": 180, "fields": {"action_time": "2021-09-10T22:11:46.065Z", "user": 1, "content_type": 17, "object_id": "2", "object_repr": "Great Western Trail", "action_flag": 2, "change_message": "[{\"changed\": {\"fields\": [\"Stock\"]}}]"}}, {"model": "admin.logentry", "pk": 181, "fields": {"action_time": "2021-09-10T22:12:59.664Z", "user": 1, "content_type": 17, "object_id": "2", "object_repr": "Great Western Trail", "action_flag": 2, "change_message": "[{\"changed\": {\"fields\": [\"Stock\"]}}]"}}, {"model": "admin.logentry", "pk": 182, "fields": {"action_time": "2021-09-10T22:37:42.112Z", "user": 1, "content_type": 17, "object_id": "2", "object_repr": "Great Western Trail", "action_flag": 2, "change_message": "[{\"changed\": {\"fields\": [\"Stock\"]}}]"}}, {"model": "admin.logentry", "pk": 183, "fields": {"action_time": "2021-09-10T22:40:22.431Z", "user": 1, "content_type": 17, "object_id": "2", "object_repr": "Great Western Trail", "action_flag": 2, "change_message": "[{\"changed\": {\"fields\": [\"Stock\"]}}]"}}, {"model": "admin.logentry", "pk": 184, "fields": {"action_time": "2021-09-10T22:41:22.864Z", "user": 1, "content_type": 17, "object_id": "2", "object_repr": "Great Western Trail", "action_flag": 2, "change_message": "[{\"changed\": {\"fields\": [\"Stock\"]}}]"}}, {"model": "admin.logentry", "pk": 185, "fields": {"action_time": "2021-09-10T22:41:30.399Z", "user": 1, "content_type": 17, "object_id": "3", "object_repr": "Brass Birmingham", "action_flag": 2, "change_message": "[{\"changed\": {\"fields\": [\"Stock\"]}}]"}}, {"model": "admin.logentry", "pk": 186, "fields": {"action_time": "2021-09-10T22:41:38.555Z", "user": 1, "content_type": 17, "object_id": "6", "object_repr": "Irish Gauge", "action_flag": 2, "change_message": "[{\"changed\": {\"fields\": [\"Stock\"]}}]"}}, {"model": "admin.logentry", "pk": 187, "fields": {"action_time": "2021-09-10T22:42:30.556Z", "user": 1, "content_type": 17, "object_id": "2", "object_repr": "Great Western Trail", "action_flag": 2, "change_message": "[{\"changed\": {\"fields\": [\"Stock\"]}}]"}}, {"model": "admin.logentry", "pk": 188, "fields": {"action_time": "2021-09-11T10:21:28.836Z", "user": 1, "content_type": 17, "object_id": "2", "object_repr": "Great Western Trail", "action_flag": 2, "change_message": "[{\"changed\": {\"fields\": [\"Stock\"]}}]"}}, {"model": "admin.logentry", "pk": 189, "fields": {"action_time": "2021-09-11T10:21:36.082Z", "user": 1, "content_type": 17, "object_id": "3", "object_repr": "Brass Birmingham", "action_flag": 2, "change_message": "[{\"changed\": {\"fields\": [\"Stock\"]}}]"}}, {"model": "admin.logentry", "pk": 190, "fields": {"action_time": "2021-09-11T10:22:33.864Z", "user": 1, "content_type": 17, "object_id": "2", "object_repr": "Great Western Trail", "action_flag": 2, "change_message": "[{\"changed\": {\"fields\": [\"Stock\"]}}]"}}, {"model": "admin.logentry", "pk": 191, "fields": {"action_time": "2021-09-11T17:36:31.000Z", "user": 1, "content_type": 17, "object_id": "2", "object_repr": "Great Western Trail", "action_flag": 2, "change_message": "[{\"changed\": {\"fields\": [\"Stock\"]}}]"}}, {"model": "admin.logentry", "pk": 192, "fields": {"action_time": "2021-09-11T20:06:44.227Z", "user": 1, "content_type": 17, "object_id": "2", "object_repr": "Great Western Trail", "action_flag": 2, "change_message": "[{\"changed\": {\"fields\": [\"Stock\"]}}]"}}, {"model": "admin.logentry", "pk": 193, "fields": {"action_time": "2021-09-11T20:12:23.091Z", "user": 1, "content_type": 17, "object_id": "2", "object_repr": "Great Western Trail", "action_flag": 2, "change_message": "[{\"changed\": {\"fields\": [\"Stock\"]}}]"}}, {"model": "admin.logentry", "pk": 194, "fields": {"action_time": "2021-09-11T20:12:34.998Z", "user": 1, "content_type": 17, "object_id": "2", "object_repr": "Great Western Trail", "action_flag": 2, "change_message": "[{\"changed\": {\"fields\": [\"Stock\"]}}]"}}, {"model": "admin.logentry", "pk": 195, "fields": {"action_time": "2021-09-11T20:28:57.154Z", "user": 1, "content_type": 17, "object_id": "2", "object_repr": "Great Western Trail", "action_flag": 2, "change_message": "[{\"changed\": {\"fields\": [\"Stock\"]}}]"}}, {"model": "admin.logentry", "pk": 196, "fields": {"action_time": "2021-09-11T20:29:38.292Z", "user": 1, "content_type": 17, "object_id": "2", "object_repr": "Great Western Trail", "action_flag": 2, "change_message": "[{\"changed\": {\"fields\": [\"Stock\"]}}]"}}, {"model": "admin.logentry", "pk": 197, "fields": {"action_time": "2021-09-12T12:47:03.520Z", "user": 1, "content_type": 17, "object_id": "2", "object_repr": "Great Western Trail", "action_flag": 2, "change_message": "[{\"changed\": {\"fields\": [\"Stock\"]}}]"}}, {"model": "admin.logentry", "pk": 198, "fields": {"action_time": "2021-09-12T12:47:34.842Z", "user": 1, "content_type": 17, "object_id": "2", "object_repr": "Great Western Trail", "action_flag": 2, "change_message": "[{\"changed\": {\"fields\": [\"Stock\"]}}]"}}, {"model": "admin.logentry", "pk": 199, "fields": {"action_time": "2021-09-12T12:52:01.571Z", "user": 1, "content_type": 17, "object_id": "2", "object_repr": "Great Western Trail", "action_flag": 2, "change_message": "[{\"changed\": {\"fields\": [\"Stock\"]}}]"}}, {"model": "admin.logentry", "pk": 200, "fields": {"action_time": "2021-09-12T12:52:22.609Z", "user": 1, "content_type": 17, "object_id": "2", "object_repr": "Great Western Trail", "action_flag": 2, "change_message": "[{\"changed\": {\"fields\": [\"Stock\"]}}]"}}, {"model": "admin.logentry", "pk": 201, "fields": {"action_time": "2021-09-12T12:52:58.914Z", "user": 1, "content_type": 17, "object_id": "2", "object_repr": "Great Western Trail", "action_flag": 2, "change_message": "[{\"changed\": {\"fields\": [\"Stock\"]}}]"}}, {"model": "admin.logentry", "pk": 202, "fields": {"action_time": "2021-09-12T12:53:39.311Z", "user": 1, "content_type": 17, "object_id": "2", "object_repr": "Great Western Trail", "action_flag": 2, "change_message": "[{\"changed\": {\"fields\": [\"Stock\"]}}]"}}, {"model": "admin.logentry", "pk": 203, "fields": {"action_time": "2021-09-12T12:55:35.677Z", "user": 1, "content_type": 17, "object_id": "2", "object_repr": "Great Western Trail", "action_flag": 2, "change_message": "[{\"changed\": {\"fields\": [\"Stock\"]}}]"}}, {"model": "admin.logentry", "pk": 204, "fields": {"action_time": "2021-09-12T12:56:43.819Z", "user": 1, "content_type": 17, "object_id": "2", "object_repr": "Great Western Trail", "action_flag": 2, "change_message": "[{\"changed\": {\"fields\": [\"Stock\"]}}]"}}, {"model": "admin.logentry", "pk": 205, "fields": {"action_time": "2021-09-12T13:00:58.257Z", "user": 1, "content_type": 17, "object_id": "2", "object_repr": "Great Western Trail", "action_flag": 2, "change_message": "[{\"changed\": {\"fields\": [\"Stock\"]}}]"}}, {"model": "admin.logentry", "pk": 206, "fields": {"action_time": "2021-09-12T13:01:33.015Z", "user": 1, "content_type": 17, "object_id": "2", "object_repr": "Great Western Trail", "action_flag": 2, "change_message": "[{\"changed\": {\"fields\": [\"Stock\"]}}]"}}, {"model": "admin.logentry", "pk": 207, "fields": {"action_time": "2021-09-12T13:02:57.527Z", "user": 1, "content_type": 17, "object_id": "2", "object_repr": "Great Western Trail", "action_flag": 2, "change_message": "[{\"changed\": {\"fields\": [\"Stock\"]}}]"}}, {"model": "admin.logentry", "pk": 208, "fields": {"action_time": "2021-09-12T13:11:59.696Z", "user": 1, "content_type": 17, "object_id": "2", "object_repr": "Great Western Trail", "action_flag": 2, "change_message": "[{\"changed\": {\"fields\": [\"Stock\"]}}]"}}, {"model": "admin.logentry", "pk": 209, "fields": {"action_time": "2021-09-12T13:18:23.295Z", "user": 1, "content_type": 17, "object_id": "2", "object_repr": "Great Western Trail", "action_flag": 2, "change_message": "[{\"changed\": {\"fields\": [\"Stock\"]}}]"}}, {"model": "admin.logentry", "pk": 210, "fields": {"action_time": "2021-09-12T13:18:57.534Z", "user": 1, "content_type": 17, "object_id": "2", "object_repr": "Great Western Trail", "action_flag": 2, "change_message": "[{\"changed\": {\"fields\": [\"Stock\"]}}]"}}, {"model": "admin.logentry", "pk": 211, "fields": {"action_time": "2021-09-12T13:20:37.491Z", "user": 1, "content_type": 17, "object_id": "2", "object_repr": "Great Western Trail", "action_flag": 2, "change_message": "[{\"changed\": {\"fields\": [\"Stock\"]}}]"}}, {"model": "admin.logentry", "pk": 212, "fields": {"action_time": "2021-09-12T13:22:05.120Z", "user": 1, "content_type": 17, "object_id": "2", "object_repr": "Great Western Trail", "action_flag": 2, "change_message": "[{\"changed\": {\"fields\": [\"Stock\"]}}]"}}, {"model": "admin.logentry", "pk": 213, "fields": {"action_time": "2021-09-12T13:25:30.183Z", "user": 1, "content_type": 17, "object_id": "2", "object_repr": "Great Western Trail", "action_flag": 2, "change_message": "[{\"changed\": {\"fields\": [\"Stock\"]}}]"}}, {"model": "admin.logentry", "pk": 214, "fields": {"action_time": "2021-09-12T13:26:12.262Z", "user": 1, "content_type": 17, "object_id": "2", "object_repr": "Great Western Trail", "action_flag": 2, "change_message": "[{\"changed\": {\"fields\": [\"Stock\"]}}]"}}, {"model": "admin.logentry", "pk": 215, "fields": {"action_time": "2021-09-12T13:28:17.232Z", "user": 1, "content_type": 17, "object_id": "2", "object_repr": "Great Western Trail", "action_flag": 2, "change_message": "[{\"changed\": {\"fields\": [\"Stock\"]}}]"}}, {"model": "admin.logentry", "pk": 216, "fields": {"action_time": "2021-09-12T13:28:53.518Z", "user": 1, "content_type": 17, "object_id": "2", "object_repr": "Great Western Trail", "action_flag": 2, "change_message": "[{\"changed\": {\"fields\": [\"Stock\"]}}]"}}, {"model": "admin.logentry", "pk": 217, "fields": {"action_time": "2021-09-12T13:33:43.339Z", "user": 1, "content_type": 17, "object_id": "2", "object_repr": "Great Western Trail", "action_flag": 2, "change_message": "[{\"changed\": {\"fields\": [\"Stock\"]}}]"}}, {"model": "admin.logentry", "pk": 218, "fields": {"action_time": "2021-09-12T13:38:04.515Z", "user": 1, "content_type": 17, "object_id": "2", "object_repr": "Great Western Trail", "action_flag": 2, "change_message": "[{\"changed\": {\"fields\": [\"Stock\"]}}]"}}, {"model": "admin.logentry", "pk": 219, "fields": {"action_time": "2021-09-12T14:15:44.259Z", "user": 1, "content_type": 17, "object_id": "2", "object_repr": "Great Western Trail", "action_flag": 2, "change_message": "[{\"changed\": {\"fields\": [\"Stock\"]}}]"}}, {"model": "admin.logentry", "pk": 220, "fields": {"action_time": "2021-09-12T14:16:07.269Z", "user": 1, "content_type": 17, "object_id": "2", "object_repr": "Great Western Trail", "action_flag": 2, "change_message": "[{\"changed\": {\"fields\": [\"Stock\"]}}]"}}, {"model": "admin.logentry", "pk": 221, "fields": {"action_time": "2021-09-12T14:35:58.695Z", "user": 1, "content_type": 17, "object_id": "2", "object_repr": "Great Western Trail", "action_flag": 2, "change_message": "[{\"changed\": {\"fields\": [\"Stock\"]}}]"}}, {"model": "admin.logentry", "pk": 222, "fields": {"action_time": "2021-09-12T14:49:44.797Z", "user": 1, "content_type": 17, "object_id": "2", "object_repr": "Great Western Trail", "action_flag": 2, "change_message": "[{\"changed\": {\"fields\": [\"Stock\"]}}]"}}, {"model": "admin.logentry", "pk": 223, "fields": {"action_time": "2021-09-12T15:23:30.192Z", "user": 1, "content_type": 17, "object_id": "2", "object_repr": "Great Western Trail", "action_flag": 2, "change_message": "[{\"changed\": {\"fields\": [\"Stock\"]}}]"}}, {"model": "admin.logentry", "pk": 224, "fields": {"action_time": "2021-09-12T15:23:48.131Z", "user": 1, "content_type": 17, "object_id": "2", "object_repr": "Great Western Trail", "action_flag": 2, "change_message": "[{\"changed\": {\"fields\": [\"Stock\"]}}]"}}, {"model": "admin.logentry", "pk": 225, "fields": {"action_time": "2021-09-12T15:37:23.351Z", "user": 1, "content_type": 17, "object_id": "2", "object_repr": "Great Western Trail", "action_flag": 2, "change_message": "[{\"changed\": {\"fields\": [\"Stock\"]}}]"}}, {"model": "admin.logentry", "pk": 226, "fields": {"action_time": "2021-09-12T15:39:21.147Z", "user": 1, "content_type": 17, "object_id": "2", "object_repr": "Great Western Trail", "action_flag": 2, "change_message": "[{\"changed\": {\"fields\": [\"Stock\"]}}]"}}, {"model": "admin.logentry", "pk": 227, "fields": {"action_time": "2021-09-12T15:54:57.684Z", "user": 1, "content_type": 17, "object_id": "2", "object_repr": "Great Western Trail", "action_flag": 2, "change_message": "[{\"changed\": {\"fields\": [\"Stock\"]}}]"}}, {"model": "admin.logentry", "pk": 228, "fields": {"action_time": "2021-09-12T17:29:00.629Z", "user": 1, "content_type": 17, "object_id": "2", "object_repr": "Great Western Trail", "action_flag": 2, "change_message": "[{\"changed\": {\"fields\": [\"Stock\"]}}]"}}, {"model": "admin.logentry", "pk": 229, "fields": {"action_time": "2021-09-12T17:42:17.011Z", "user": 1, "content_type": 17, "object_id": "2", "object_repr": "Great Western Trail", "action_flag": 2, "change_message": "[{\"changed\": {\"fields\": [\"Stock\"]}}]"}}, {"model": "admin.logentry", "pk": 230, "fields": {"action_time": "2021-09-12T17:45:28.626Z", "user": 1, "content_type": 17, "object_id": "2", "object_repr": "Great Western Trail", "action_flag": 2, "change_message": "[{\"changed\": {\"fields\": [\"Stock\"]}}]"}}, {"model": "admin.logentry", "pk": 231, "fields": {"action_time": "2021-09-13T08:32:57.574Z", "user": 1, "content_type": 17, "object_id": "4", "object_repr": "Ticket To Ride", "action_flag": 2, "change_message": "[{\"changed\": {\"fields\": [\"Stock\"]}}]"}}, {"model": "admin.logentry", "pk": 232, "fields": {"action_time": "2021-09-14T14:04:11.089Z", "user": 1, "content_type": 4, "object_id": "1", "object_repr": "ChrisU", "action_flag": 2, "change_message": "[{\"changed\": {\"fields\": [\"First name\", \"Last name\"]}}]"}}, {"model": "admin.logentry", "pk": 233, "fields": {"action_time": "2021-09-16T09:43:24.131Z", "user": 1, "content_type": 17, "object_id": "12", "object_repr": "test", "action_flag": 2, "change_message": "[{\"changed\": {\"fields\": [\"Stock\"]}}]"}}, {"model": "admin.logentry", "pk": 234, "fields": {"action_time": "2021-09-16T15:54:32.529Z", "user": 1, "content_type": 17, "object_id": "12", "object_repr": "test", "action_flag": 3, "change_message": ""}}, {"model": "admin.logentry", "pk": 235, "fields": {"action_time": "2021-09-18T10:31:46.450Z", "user": 1, "content_type": 19, "object_id": "140", "object_repr": "56B2E0087CA449AB973BA692DDA56CFE", "action_flag": 3, "change_message": ""}}, {"model": "admin.logentry", "pk": 236, "fields": {"action_time": "2021-09-18T10:31:46.494Z", "user": 1, "content_type": 19, "object_id": "139", "object_repr": "9929B5677D3F41468BF05B619C2D5E95", "action_flag": 3, "change_message": ""}}, {"model": "admin.logentry", "pk": 237, "fields": {"action_time": "2021-09-18T10:31:46.538Z", "user": 1, "content_type": 19, "object_id": "138", "object_repr": "85CC80B66E34458AB5DC580DE2D26187", "action_flag": 3, "change_message": ""}}, {"model": "admin.logentry", "pk": 238, "fields": {"action_time": "2021-09-18T10:31:46.593Z", "user": 1, "content_type": 19, "object_id": "137", "object_repr": "662EA5B5A0ED43DBBE0B0BEEE81B2127", "action_flag": 3, "change_message": ""}}, {"model": "admin.logentry", "pk": 239, "fields": {"action_time": "2021-09-18T10:31:46.679Z", "user": 1, "content_type": 19, "object_id": "136", "object_repr": "E0E5701E264E4968A276D7493E24966A", "action_flag": 3, "change_message": ""}}, {"model": "admin.logentry", "pk": 240, "fields": {"action_time": "2021-09-18T10:31:47.296Z", "user": 1, "content_type": 19, "object_id": "135", "object_repr": "15E6D116A53049169E0381AD80F38638", "action_flag": 3, "change_message": ""}}, {"model": "admin.logentry", "pk": 241, "fields": {"action_time": "2021-09-18T10:31:47.349Z", "user": 1, "content_type": 19, "object_id": "134", "object_repr": "525ABFEA19FD40AABB70470F5D8C9682", "action_flag": 3, "change_message": ""}}, {"model": "admin.logentry", "pk": 242, "fields": {"action_time": "2021-09-18T10:31:47.393Z", "user": 1, "content_type": 19, "object_id": "133", "object_repr": "CEEC41C527424729937D864979E1C9A9", "action_flag": 3, "change_message": ""}}, {"model": "admin.logentry", "pk": 243, "fields": {"action_time": "2021-09-18T10:31:47.439Z", "user": 1, "content_type": 19, "object_id": "132", "object_repr": "4598C6BD51A74D02B0915A323E3947EF", "action_flag": 3, "change_message": ""}}, {"model": "admin.logentry", "pk": 244, "fields": {"action_time": "2021-09-18T10:31:47.486Z", "user": 1, "content_type": 19, "object_id": "131", "object_repr": "B94F9BEB75E94800AA27BA7AB4845627", "action_flag": 3, "change_message": ""}}, {"model": "admin.logentry", "pk": 245, "fields": {"action_time": "2021-09-18T10:31:47.531Z", "user": 1, "content_type": 19, "object_id": "130", "object_repr": "0EA5139FC34649E096470DA72ADC7FEE", "action_flag": 3, "change_message": ""}}, {"model": "admin.logentry", "pk": 246, "fields": {"action_time": "2021-09-18T10:31:47.576Z", "user": 1, "content_type": 19, "object_id": "129", "object_repr": "98FCF0C45E09469190E57CA7B8EA3902", "action_flag": 3, "change_message": ""}}, {"model": "admin.logentry", "pk": 247, "fields": {"action_time": "2021-09-18T10:31:47.623Z", "user": 1, "content_type": 19, "object_id": "128", "object_repr": "AC5052DE23434C5DB262F9CFA0DD429A", "action_flag": 3, "change_message": ""}}, {"model": "admin.logentry", "pk": 248, "fields": {"action_time": "2021-09-18T10:31:47.669Z", "user": 1, "content_type": 19, "object_id": "127", "object_repr": "D10FD2D5AF984496B4FE979A5266243A", "action_flag": 3, "change_message": ""}}, {"model": "admin.logentry", "pk": 249, "fields": {"action_time": "2021-09-18T10:31:47.715Z", "user": 1, "content_type": 19, "object_id": "126", "object_repr": "3C81EFC77D2A43CB8101647C2A48480C", "action_flag": 3, "change_message": ""}}, {"model": "admin.logentry", "pk": 250, "fields": {"action_time": "2021-09-18T10:31:47.762Z", "user": 1, "content_type": 19, "object_id": "125", "object_repr": "C162084ACA7B4A42AB418BBAD267E3DE", "action_flag": 3, "change_message": ""}}, {"model": "admin.logentry", "pk": 251, "fields": {"action_time": "2021-09-18T10:31:47.805Z", "user": 1, "content_type": 19, "object_id": "124", "object_repr": "26B58FAFD6624105B7E87D541412D9DE", "action_flag": 3, "change_message": ""}}, {"model": "admin.logentry", "pk": 252, "fields": {"action_time": "2021-09-18T10:31:47.853Z", "user": 1, "content_type": 19, "object_id": "123", "object_repr": "1B9439B1D5EB4B7DA0F03B0E67297719", "action_flag": 3, "change_message": ""}}, {"model": "admin.logentry", "pk": 253, "fields": {"action_time": "2021-09-18T10:31:47.902Z", "user": 1, "content_type": 19, "object_id": "122", "object_repr": "A6F256EEAE904D91AE7B51F3F3DD0DB9", "action_flag": 3, "change_message": ""}}, {"model": "admin.logentry", "pk": 254, "fields": {"action_time": "2021-09-18T10:31:47.939Z", "user": 1, "content_type": 19, "object_id": "121", "object_repr": "1F115A2A5FD44F98950B50D4384F6889", "action_flag": 3, "change_message": ""}}, {"model": "admin.logentry", "pk": 255, "fields": {"action_time": "2021-09-18T10:31:47.993Z", "user": 1, "content_type": 19, "object_id": "120", "object_repr": "6222FD5E124F4C0E88F614B9D13948A5", "action_flag": 3, "change_message": ""}}, {"model": "admin.logentry", "pk": 256, "fields": {"action_time": "2021-09-18T10:31:48.035Z", "user": 1, "content_type": 19, "object_id": "119", "object_repr": "8786FA789279485D94C5A21C3F00B5C6", "action_flag": 3, "change_message": ""}}, {"model": "admin.logentry", "pk": 257, "fields": {"action_time": "2021-09-18T10:31:48.073Z", "user": 1, "content_type": 19, "object_id": "118", "object_repr": "2105397A50784EA5A4C76D26055E32BD", "action_flag": 3, "change_message": ""}}, {"model": "admin.logentry", "pk": 258, "fields": {"action_time": "2021-09-18T10:31:48.113Z", "user": 1, "content_type": 19, "object_id": "117", "object_repr": "FD4EEE0A8F704A8AA4C065BA7B8F5B67", "action_flag": 3, "change_message": ""}}, {"model": "admin.logentry", "pk": 259, "fields": {"action_time": "2021-09-18T10:31:48.150Z", "user": 1, "content_type": 19, "object_id": "116", "object_repr": "BFFFF4CBE4E74291A9345EA23EF07593", "action_flag": 3, "change_message": ""}}, {"model": "admin.logentry", "pk": 260, "fields": {"action_time": "2021-09-18T10:31:48.187Z", "user": 1, "content_type": 19, "object_id": "115", "object_repr": "B33DCFBFD9E846A7BAD51BAC40C14C64", "action_flag": 3, "change_message": ""}}, {"model": "admin.logentry", "pk": 261, "fields": {"action_time": "2021-09-18T10:31:48.224Z", "user": 1, "content_type": 19, "object_id": "114", "object_repr": "EE4D3A58C28843A3A92257845BFE68D6", "action_flag": 3, "change_message": ""}}, {"model": "admin.logentry", "pk": 262, "fields": {"action_time": "2021-09-18T10:31:48.263Z", "user": 1, "content_type": 19, "object_id": "113", "object_repr": "917BAECF57F046D282421D3EAF4CA34E", "action_flag": 3, "change_message": ""}}, {"model": "admin.logentry", "pk": 263, "fields": {"action_time": "2021-09-18T10:31:48.300Z", "user": 1, "content_type": 19, "object_id": "112", "object_repr": "75CC0373E8D649D8A5C8496A0C9BA114", "action_flag": 3, "change_message": ""}}, {"model": "admin.logentry", "pk": 264, "fields": {"action_time": "2021-09-18T10:31:48.338Z", "user": 1, "content_type": 19, "object_id": "111", "object_repr": "D66D2AFE2D2E4F3F8F5FD49A582FAFFD", "action_flag": 3, "change_message": ""}}, {"model": "admin.logentry", "pk": 265, "fields": {"action_time": "2021-09-18T10:31:48.378Z", "user": 1, "content_type": 19, "object_id": "110", "object_repr": "53107E5290614EED9B3EF865DFA60AF2", "action_flag": 3, "change_message": ""}}, {"model": "admin.logentry", "pk": 266, "fields": {"action_time": "2021-09-18T10:31:48.415Z", "user": 1, "content_type": 19, "object_id": "109", "object_repr": "598B69AC9CF84FED891C5391D6DB7CBF", "action_flag": 3, "change_message": ""}}, {"model": "admin.logentry", "pk": 267, "fields": {"action_time": "2021-09-18T10:31:48.458Z", "user": 1, "content_type": 19, "object_id": "108", "object_repr": "40CF894539DA4D4EA8A82EC981EBF2BC", "action_flag": 3, "change_message": ""}}, {"model": "admin.logentry", "pk": 268, "fields": {"action_time": "2021-09-18T10:31:48.522Z", "user": 1, "content_type": 19, "object_id": "107", "object_repr": "D87180DB1ACC43AF8B1F07134FD3BEEA", "action_flag": 3, "change_message": ""}}, {"model": "admin.logentry", "pk": 269, "fields": {"action_time": "2021-09-18T10:31:48.573Z", "user": 1, "content_type": 19, "object_id": "106", "object_repr": "C8693162BABC4661AF2C77F721526A26", "action_flag": 3, "change_message": ""}}, {"model": "admin.logentry", "pk": 270, "fields": {"action_time": "2021-09-18T10:31:48.625Z", "user": 1, "content_type": 19, "object_id": "105", "object_repr": "37BCDE3879324515924205260A481B82", "action_flag": 3, "change_message": ""}}, {"model": "admin.logentry", "pk": 271, "fields": {"action_time": "2021-09-18T10:31:48.671Z", "user": 1, "content_type": 19, "object_id": "104", "object_repr": "4A3235E74DAC4E0ABAD5DEC8CEEB436A", "action_flag": 3, "change_message": ""}}, {"model": "admin.logentry", "pk": 272, "fields": {"action_time": "2021-09-18T10:31:48.712Z", "user": 1, "content_type": 19, "object_id": "103", "object_repr": "B5215CBF4F1D40ABAD4914EB0B0DC51B", "action_flag": 3, "change_message": ""}}, {"model": "admin.logentry", "pk": 273, "fields": {"action_time": "2021-09-18T10:31:48.756Z", "user": 1, "content_type": 19, "object_id": "102", "object_repr": "9135F5A81D7B469DBCCE3EF75B467E7F", "action_flag": 3, "change_message": ""}}, {"model": "admin.logentry", "pk": 274, "fields": {"action_time": "2021-09-18T10:31:48.796Z", "user": 1, "content_type": 19, "object_id": "101", "object_repr": "6A151830B1AA4DE3979E6DDAA0F7F527", "action_flag": 3, "change_message": ""}}, {"model": "admin.logentry", "pk": 275, "fields": {"action_time": "2021-09-18T10:31:48.835Z", "user": 1, "content_type": 19, "object_id": "100", "object_repr": "44150ACBA59E45D69097AB76C3F96E01", "action_flag": 3, "change_message": ""}}, {"model": "admin.logentry", "pk": 276, "fields": {"action_time": "2021-09-18T10:31:48.873Z", "user": 1, "content_type": 19, "object_id": "99", "object_repr": "BBBB9FB200BA4B268E0B374DC089C848", "action_flag": 3, "change_message": ""}}, {"model": "admin.logentry", "pk": 277, "fields": {"action_time": "2021-09-18T10:31:48.910Z", "user": 1, "content_type": 19, "object_id": "98", "object_repr": "127F7F9841C2442D99277FC2841D8AFD", "action_flag": 3, "change_message": ""}}, {"model": "admin.logentry", "pk": 278, "fields": {"action_time": "2021-09-18T10:31:48.948Z", "user": 1, "content_type": 19, "object_id": "97", "object_repr": "3F82DB3458D94E8CB2E56CC2C4AAAC10", "action_flag": 3, "change_message": ""}}, {"model": "admin.logentry", "pk": 279, "fields": {"action_time": "2021-09-18T10:31:48.987Z", "user": 1, "content_type": 19, "object_id": "96", "object_repr": "C091745DBC69437383BCECF4E82B4B9C", "action_flag": 3, "change_message": ""}}, {"model": "admin.logentry", "pk": 280, "fields": {"action_time": "2021-09-18T10:31:49.031Z", "user": 1, "content_type": 19, "object_id": "95", "object_repr": "3EA97BBE0ED94895ABFA794FA756E319", "action_flag": 3, "change_message": ""}}, {"model": "admin.logentry", "pk": 281, "fields": {"action_time": "2021-09-18T10:31:49.068Z", "user": 1, "content_type": 19, "object_id": "94", "object_repr": "AB1AFF4203F749B5A19D21A9E1C20A44", "action_flag": 3, "change_message": ""}}, {"model": "admin.logentry", "pk": 282, "fields": {"action_time": "2021-09-18T10:31:49.107Z", "user": 1, "content_type": 19, "object_id": "92", "object_repr": "1102947E52A04B6290F4310662FA63EA", "action_flag": 3, "change_message": ""}}, {"model": "admin.logentry", "pk": 283, "fields": {"action_time": "2021-09-18T10:31:49.146Z", "user": 1, "content_type": 19, "object_id": "91", "object_repr": "7DC6EBEFF490436D8A7505CEF2870B80", "action_flag": 3, "change_message": ""}}, {"model": "admin.logentry", "pk": 284, "fields": {"action_time": "2021-09-18T10:31:49.197Z", "user": 1, "content_type": 19, "object_id": "89", "object_repr": "4AAFC6AB420B4D01A4B27D4A0509854F", "action_flag": 3, "change_message": ""}}, {"model": "admin.logentry", "pk": 285, "fields": {"action_time": "2021-09-18T10:31:49.241Z", "user": 1, "content_type": 19, "object_id": "88", "object_repr": "30DB6BA7A3DF462E8540623CF3323A55", "action_flag": 3, "change_message": ""}}, {"model": "admin.logentry", "pk": 286, "fields": {"action_time": "2021-09-18T10:31:49.281Z", "user": 1, "content_type": 19, "object_id": "87", "object_repr": "4EBE73546F4E490D812F469C8CDBFDAB", "action_flag": 3, "change_message": ""}}, {"model": "admin.logentry", "pk": 287, "fields": {"action_time": "2021-09-18T10:31:49.325Z", "user": 1, "content_type": 19, "object_id": "86", "object_repr": "529C3CB7B6F84CBD8A900B213CE37981", "action_flag": 3, "change_message": ""}}, {"model": "admin.logentry", "pk": 288, "fields": {"action_time": "2021-09-18T10:31:49.366Z", "user": 1, "content_type": 19, "object_id": "85", "object_repr": "4FF99B3FB3A1496E9D7EF82D646AD554", "action_flag": 3, "change_message": ""}}, {"model": "admin.logentry", "pk": 289, "fields": {"action_time": "2021-09-18T10:31:49.404Z", "user": 1, "content_type": 19, "object_id": "84", "object_repr": "FD63336317FB488F8B953CB17B518A2B", "action_flag": 3, "change_message": ""}}, {"model": "admin.logentry", "pk": 290, "fields": {"action_time": "2021-09-18T10:31:49.441Z", "user": 1, "content_type": 19, "object_id": "83", "object_repr": "1F5DC320150F4AB3BBEA07D3B26F872D", "action_flag": 3, "change_message": ""}}, {"model": "admin.logentry", "pk": 291, "fields": {"action_time": "2021-09-18T10:31:49.480Z", "user": 1, "content_type": 19, "object_id": "82", "object_repr": "ABF9B82D6B444DE5A6BBD55DB0C45F6F", "action_flag": 3, "change_message": ""}}, {"model": "admin.logentry", "pk": 292, "fields": {"action_time": "2021-09-18T10:31:49.517Z", "user": 1, "content_type": 19, "object_id": "81", "object_repr": "80B11E0DCC124F13BB1A4B0FAB249B12", "action_flag": 3, "change_message": ""}}, {"model": "admin.logentry", "pk": 293, "fields": {"action_time": "2021-09-18T10:31:49.557Z", "user": 1, "content_type": 19, "object_id": "80", "object_repr": "8B29B74FC61E42BCBB867170B2126E79", "action_flag": 3, "change_message": ""}}, {"model": "admin.logentry", "pk": 294, "fields": {"action_time": "2021-09-18T10:31:49.596Z", "user": 1, "content_type": 19, "object_id": "79", "object_repr": "2A2ABF97D5164149ADDD6A79D4755E19", "action_flag": 3, "change_message": ""}}, {"model": "admin.logentry", "pk": 295, "fields": {"action_time": "2021-09-18T10:31:49.676Z", "user": 1, "content_type": 19, "object_id": "78", "object_repr": "5839E8E2196D42ADB0661E283D3CF23C", "action_flag": 3, "change_message": ""}}, {"model": "admin.logentry", "pk": 296, "fields": {"action_time": "2021-09-18T10:31:49.717Z", "user": 1, "content_type": 19, "object_id": "77", "object_repr": "137A467780374B4FB48B5AFD08A310CF", "action_flag": 3, "change_message": ""}}, {"model": "admin.logentry", "pk": 297, "fields": {"action_time": "2021-09-18T10:31:49.768Z", "user": 1, "content_type": 19, "object_id": "76", "object_repr": "333B7309049142C4981BFBBEF5604F3E", "action_flag": 3, "change_message": ""}}, {"model": "admin.logentry", "pk": 298, "fields": {"action_time": "2021-09-18T10:31:49.806Z", "user": 1, "content_type": 19, "object_id": "75", "object_repr": "CD13193E6612477385ACAB23763B026E", "action_flag": 3, "change_message": ""}}, {"model": "admin.logentry", "pk": 299, "fields": {"action_time": "2021-09-18T10:31:49.845Z", "user": 1, "content_type": 19, "object_id": "74", "object_repr": "5D86BCB050BF46238D005053FCAB2FD8", "action_flag": 3, "change_message": ""}}, {"model": "admin.logentry", "pk": 300, "fields": {"action_time": "2021-09-18T10:31:49.884Z", "user": 1, "content_type": 19, "object_id": "73", "object_repr": "705F924B83B54698BB498086F3E51B64", "action_flag": 3, "change_message": ""}}, {"model": "admin.logentry", "pk": 301, "fields": {"action_time": "2021-09-18T10:31:49.921Z", "user": 1, "content_type": 19, "object_id": "72", "object_repr": "6ECF9B3B37434F4EA821488372D912A5", "action_flag": 3, "change_message": ""}}, {"model": "admin.logentry", "pk": 302, "fields": {"action_time": "2021-09-18T10:31:49.958Z", "user": 1, "content_type": 19, "object_id": "71", "object_repr": "D477DB2EBFCF4C5887D685F997AE1C90", "action_flag": 3, "change_message": ""}}, {"model": "admin.logentry", "pk": 303, "fields": {"action_time": "2021-09-18T10:31:49.996Z", "user": 1, "content_type": 19, "object_id": "70", "object_repr": "443D9FCA2CDD405E80A703A2385B83D6", "action_flag": 3, "change_message": ""}}, {"model": "admin.logentry", "pk": 304, "fields": {"action_time": "2021-09-18T10:31:50.033Z", "user": 1, "content_type": 19, "object_id": "69", "object_repr": "5A7EB4A376E445DD9E7414C7990415BF", "action_flag": 3, "change_message": ""}}, {"model": "admin.logentry", "pk": 305, "fields": {"action_time": "2021-09-18T10:31:50.071Z", "user": 1, "content_type": 19, "object_id": "68", "object_repr": "639D2A84E8584E00BE7F045E51643C94", "action_flag": 3, "change_message": ""}}, {"model": "admin.logentry", "pk": 306, "fields": {"action_time": "2021-09-18T10:31:50.108Z", "user": 1, "content_type": 19, "object_id": "67", "object_repr": "D72A0F89695B49D4944AD611BB4CA77A", "action_flag": 3, "change_message": ""}}, {"model": "admin.logentry", "pk": 307, "fields": {"action_time": "2021-09-18T10:31:50.151Z", "user": 1, "content_type": 19, "object_id": "66", "object_repr": "87195CD320F14A3DA6379DFD69B155B6", "action_flag": 3, "change_message": ""}}, {"model": "admin.logentry", "pk": 308, "fields": {"action_time": "2021-09-18T10:31:50.188Z", "user": 1, "content_type": 19, "object_id": "65", "object_repr": "745EB94A5D8F4A34B1D0CC07A73CBBFC", "action_flag": 3, "change_message": ""}}, {"model": "admin.logentry", "pk": 309, "fields": {"action_time": "2021-09-18T10:31:50.224Z", "user": 1, "content_type": 19, "object_id": "64", "object_repr": "2782631154364C10A95F0947AFAA7125", "action_flag": 3, "change_message": ""}}, {"model": "admin.logentry", "pk": 310, "fields": {"action_time": "2021-09-18T10:31:50.277Z", "user": 1, "content_type": 19, "object_id": "63", "object_repr": "9C6F9152879749C5BB96AAC894293C32", "action_flag": 3, "change_message": ""}}, {"model": "admin.logentry", "pk": 311, "fields": {"action_time": "2021-09-18T10:31:50.324Z", "user": 1, "content_type": 19, "object_id": "62", "object_repr": "F3DA9AE8463648E091445ED4D89E7CC9", "action_flag": 3, "change_message": ""}}, {"model": "admin.logentry", "pk": 312, "fields": {"action_time": "2021-09-18T10:31:50.368Z", "user": 1, "content_type": 19, "object_id": "61", "object_repr": "BF34ADF86F2B42DF957B2F1B933437C8", "action_flag": 3, "change_message": ""}}, {"model": "admin.logentry", "pk": 313, "fields": {"action_time": "2021-09-18T10:31:50.406Z", "user": 1, "content_type": 19, "object_id": "60", "object_repr": "86C2BD39368A48AB9B117F3AF67960ED", "action_flag": 3, "change_message": ""}}, {"model": "admin.logentry", "pk": 314, "fields": {"action_time": "2021-09-18T10:31:50.443Z", "user": 1, "content_type": 19, "object_id": "59", "object_repr": "4A216B98C60246FF9C204BA12D8B20E4", "action_flag": 3, "change_message": ""}}, {"model": "admin.logentry", "pk": 315, "fields": {"action_time": "2021-09-18T10:31:50.483Z", "user": 1, "content_type": 19, "object_id": "58", "object_repr": "A4C73AB1EE9C47A2BFBF643FBD0C2EEB", "action_flag": 3, "change_message": ""}}, {"model": "admin.logentry", "pk": 316, "fields": {"action_time": "2021-09-18T10:31:50.520Z", "user": 1, "content_type": 19, "object_id": "57", "object_repr": "6DB3A213149546BFA572C807A3FC9125", "action_flag": 3, "change_message": ""}}, {"model": "admin.logentry", "pk": 317, "fields": {"action_time": "2021-09-18T10:31:50.558Z", "user": 1, "content_type": 19, "object_id": "56", "object_repr": "68B0FBB946B340BA8DB46B2E44BD1C0C", "action_flag": 3, "change_message": ""}}, {"model": "admin.logentry", "pk": 318, "fields": {"action_time": "2021-09-18T10:31:50.603Z", "user": 1, "content_type": 19, "object_id": "55", "object_repr": "0F78647F1E4E45FAB77407E4FC10D375", "action_flag": 3, "change_message": ""}}, {"model": "admin.logentry", "pk": 319, "fields": {"action_time": "2021-09-18T10:31:50.645Z", "user": 1, "content_type": 19, "object_id": "54", "object_repr": "10B0D0C833A341209B74B6FBA941CB77", "action_flag": 3, "change_message": ""}}, {"model": "admin.logentry", "pk": 320, "fields": {"action_time": "2021-09-18T10:31:50.708Z", "user": 1, "content_type": 19, "object_id": "53", "object_repr": "9D8C99F21C9F4967A3D67381C3C381AE", "action_flag": 3, "change_message": ""}}, {"model": "admin.logentry", "pk": 321, "fields": {"action_time": "2021-09-18T10:31:50.746Z", "user": 1, "content_type": 19, "object_id": "52", "object_repr": "71F55C0B885E468E80D8A3979D18F46A", "action_flag": 3, "change_message": ""}}, {"model": "admin.logentry", "pk": 322, "fields": {"action_time": "2021-09-18T10:31:50.784Z", "user": 1, "content_type": 19, "object_id": "51", "object_repr": "1DD746E06C4F4A6F90EFF1FD687B02F4", "action_flag": 3, "change_message": ""}}, {"model": "admin.logentry", "pk": 323, "fields": {"action_time": "2021-09-18T10:31:50.824Z", "user": 1, "content_type": 19, "object_id": "50", "object_repr": "ABBB245347574523AA0050DF81F3B162", "action_flag": 3, "change_message": ""}}, {"model": "admin.logentry", "pk": 324, "fields": {"action_time": "2021-09-18T10:31:50.863Z", "user": 1, "content_type": 19, "object_id": "49", "object_repr": "33133C780BDF40C09417BEB129BB6C7D", "action_flag": 3, "change_message": ""}}, {"model": "admin.logentry", "pk": 325, "fields": {"action_time": "2021-09-18T10:31:50.901Z", "user": 1, "content_type": 19, "object_id": "48", "object_repr": "A445AEF664434047B3C65B755407BB02", "action_flag": 3, "change_message": ""}}, {"model": "admin.logentry", "pk": 326, "fields": {"action_time": "2021-09-18T10:31:50.939Z", "user": 1, "content_type": 19, "object_id": "47", "object_repr": "1CB1373B8BF14796AB9A26D55D916880", "action_flag": 3, "change_message": ""}}, {"model": "admin.logentry", "pk": 327, "fields": {"action_time": "2021-09-18T10:31:50.974Z", "user": 1, "content_type": 19, "object_id": "46", "object_repr": "A871CFDEC6A145A5955DC399A64A1EBA", "action_flag": 3, "change_message": ""}}, {"model": "admin.logentry", "pk": 328, "fields": {"action_time": "2021-09-18T10:31:51.012Z", "user": 1, "content_type": 19, "object_id": "45", "object_repr": "5B1B022096A94991B145C0F7052A80FC", "action_flag": 3, "change_message": ""}}, {"model": "admin.logentry", "pk": 329, "fields": {"action_time": "2021-09-18T10:31:51.049Z", "user": 1, "content_type": 19, "object_id": "44", "object_repr": "7E15767A8DD74892A2CF83C1D838C0E1", "action_flag": 3, "change_message": ""}}, {"model": "admin.logentry", "pk": 330, "fields": {"action_time": "2021-09-18T10:31:51.086Z", "user": 1, "content_type": 19, "object_id": "43", "object_repr": "8C0BE43368A845F8AC17EE2BCA7A338C", "action_flag": 3, "change_message": ""}}, {"model": "admin.logentry", "pk": 331, "fields": {"action_time": "2021-09-18T10:31:51.123Z", "user": 1, "content_type": 19, "object_id": "42", "object_repr": "6CD6B6F581A748B8BCF3A5C411B073FE", "action_flag": 3, "change_message": ""}}, {"model": "admin.logentry", "pk": 332, "fields": {"action_time": "2021-09-18T10:31:51.171Z", "user": 1, "content_type": 19, "object_id": "41", "object_repr": "CCE898C451EA4CD7B9E30CAA40C420FA", "action_flag": 3, "change_message": ""}}, {"model": "admin.logentry", "pk": 333, "fields": {"action_time": "2021-09-18T10:31:51.218Z", "user": 1, "content_type": 19, "object_id": "40", "object_repr": "A8001552DE73485781C27ACFA45E070F", "action_flag": 3, "change_message": ""}}, {"model": "admin.logentry", "pk": 334, "fields": {"action_time": "2021-09-18T10:31:51.260Z", "user": 1, "content_type": 19, "object_id": "39", "object_repr": "10FBE9E442F34A49B302B668A6D08378", "action_flag": 3, "change_message": ""}}, {"model": "admin.logentry", "pk": 335, "fields": {"action_time": "2021-09-18T10:43:36.782Z", "user": 1, "content_type": 19, "object_id": "113", "object_repr": "917BAECF57F046D282421D3EAF4CA34E", "action_flag": 2, "change_message": "[{\"deleted\": {\"name\": \"order line item\", \"object\": \"SKU bg1000004 on order 917BAECF57F046D282421D3EAF4CA34E\"}}]"}}, {"model": "admin.logentry", "pk": 336, "fields": {"action_time": "2021-09-18T10:44:05.813Z", "user": 1, "content_type": 19, "object_id": "126", "object_repr": "3C81EFC77D2A43CB8101647C2A48480C", "action_flag": 2, "change_message": "[{\"deleted\": {\"name\": \"order line item\", \"object\": \"SKU bg1000005 on order 3C81EFC77D2A43CB8101647C2A48480C\"}}]"}}, {"model": "admin.logentry", "pk": 337, "fields": {"action_time": "2021-09-18T12:03:26.015Z", "user": 1, "content_type": 19, "object_id": "141", "object_repr": "286B48A46F524731BFB5A37228F1ED2D", "action_flag": 2, "change_message": "[{\"changed\": {\"name\": \"order line item\", \"object\": \"SKU bg1000001 on order 286B48A46F524731BFB5A37228F1ED2D\", \"fields\": [\"Quantity\"]}}]"}}, {"model": "admin.logentry", "pk": 338, "fields": {"action_time": "2021-09-18T12:03:41.117Z", "user": 1, "content_type": 19, "object_id": "141", "object_repr": "286B48A46F524731BFB5A37228F1ED2D", "action_flag": 2, "change_message": "[{\"changed\": {\"name\": \"order line item\", \"object\": \"SKU bg1000001 on order 286B48A46F524731BFB5A37228F1ED2D\", \"fields\": [\"Quantity\"]}}]"}}, {"model": "admin.logentry", "pk": 339, "fields": {"action_time": "2021-09-18T12:03:48.322Z", "user": 1, "content_type": 19, "object_id": "141", "object_repr": "286B48A46F524731BFB5A37228F1ED2D", "action_flag": 2, "change_message": "[{\"deleted\": {\"name\": \"order line item\", \"object\": \"SKU bg1000001 on order 286B48A46F524731BFB5A37228F1ED2D\"}}]"}}, {"model": "admin.logentry", "pk": 340, "fields": {"action_time": "2021-09-18T12:03:55.086Z", "user": 1, "content_type": 19, "object_id": "141", "object_repr": "286B48A46F524731BFB5A37228F1ED2D", "action_flag": 2, "change_message": "[{\"deleted\": {\"name\": \"order line item\", \"object\": \"SKU bg1000005 on order 286B48A46F524731BFB5A37228F1ED2D\"}}]"}}, {"model": "admin.logentry", "pk": 341, "fields": {"action_time": "2021-09-18T12:05:48.150Z", "user": 1, "content_type": 19, "object_id": "139", "object_repr": "9929B5677D3F41468BF05B619C2D5E95", "action_flag": 3, "change_message": ""}}, {"model": "admin.logentry", "pk": 342, "fields": {"action_time": "2021-09-18T12:16:47.772Z", "user": 1, "content_type": 19, "object_id": "144", "object_repr": "6BD2B5611738449095008973AF9632CB", "action_flag": 2, "change_message": "[{\"deleted\": {\"name\": \"order line item\", \"object\": \"SKU bg1000001 on order 6BD2B5611738449095008973AF9632CB\"}}]"}}, {"model": "admin.logentry", "pk": 343, "fields": {"action_time": "2021-09-18T12:17:04.250Z", "user": 1, "content_type": 19, "object_id": "144", "object_repr": "6BD2B5611738449095008973AF9632CB", "action_flag": 3, "change_message": ""}}, {"model": "admin.logentry", "pk": 344, "fields": {"action_time": "2021-09-19T10:48:07.706Z", "user": 1, "content_type": 19, "object_id": "143", "object_repr": "13FF06111028442D80660BF43CE09731", "action_flag": 3, "change_message": ""}}, {"model": "admin.logentry", "pk": 345, "fields": {"action_time": "2021-09-19T10:48:07.734Z", "user": 1, "content_type": 19, "object_id": "142", "object_repr": "29E2C9864648420DB823326F257D3B5A", "action_flag": 3, "change_message": ""}}, {"model": "admin.logentry", "pk": 346, "fields": {"action_time": "2021-09-19T10:48:07.765Z", "user": 1, "content_type": 19, "object_id": "141", "object_repr": "286B48A46F524731BFB5A37228F1ED2D", "action_flag": 3, "change_message": ""}}, {"model": "admin.logentry", "pk": 347, "fields": {"action_time": "2021-09-19T10:48:07.797Z", "user": 1, "content_type": 19, "object_id": "140", "object_repr": "56B2E0087CA449AB973BA692DDA56CFE", "action_flag": 3, "change_message": ""}}, {"model": "admin.logentry", "pk": 348, "fields": {"action_time": "2021-09-19T10:48:07.828Z", "user": 1, "content_type": 19, "object_id": "138", "object_repr": "85CC80B66E34458AB5DC580DE2D26187", "action_flag": 3, "change_message": ""}}, {"model": "admin.logentry", "pk": 349, "fields": {"action_time": "2021-09-19T10:48:07.859Z", "user": 1, "content_type": 19, "object_id": "137", "object_repr": "662EA5B5A0ED43DBBE0B0BEEE81B2127", "action_flag": 3, "change_message": ""}}, {"model": "admin.logentry", "pk": 350, "fields": {"action_time": "2021-09-19T10:48:07.890Z", "user": 1, "content_type": 19, "object_id": "136", "object_repr": "E0E5701E264E4968A276D7493E24966A", "action_flag": 3, "change_message": ""}}, {"model": "admin.logentry", "pk": 351, "fields": {"action_time": "2021-09-19T10:48:07.921Z", "user": 1, "content_type": 19, "object_id": "135", "object_repr": "15E6D116A53049169E0381AD80F38638", "action_flag": 3, "change_message": ""}}, {"model": "admin.logentry", "pk": 352, "fields": {"action_time": "2021-09-19T10:48:07.952Z", "user": 1, "content_type": 19, "object_id": "134", "object_repr": "525ABFEA19FD40AABB70470F5D8C9682", "action_flag": 3, "change_message": ""}}, {"model": "admin.logentry", "pk": 353, "fields": {"action_time": "2021-09-19T10:48:07.992Z", "user": 1, "content_type": 19, "object_id": "133", "object_repr": "CEEC41C527424729937D864979E1C9A9", "action_flag": 3, "change_message": ""}}, {"model": "admin.logentry", "pk": 354, "fields": {"action_time": "2021-09-19T10:48:08.031Z", "user": 1, "content_type": 19, "object_id": "132", "object_repr": "4598C6BD51A74D02B0915A323E3947EF", "action_flag": 3, "change_message": ""}}, {"model": "admin.logentry", "pk": 355, "fields": {"action_time": "2021-09-19T10:48:08.069Z", "user": 1, "content_type": 19, "object_id": "131", "object_repr": "B94F9BEB75E94800AA27BA7AB4845627", "action_flag": 3, "change_message": ""}}, {"model": "admin.logentry", "pk": 356, "fields": {"action_time": "2021-09-19T10:48:08.110Z", "user": 1, "content_type": 19, "object_id": "130", "object_repr": "0EA5139FC34649E096470DA72ADC7FEE", "action_flag": 3, "change_message": ""}}, {"model": "admin.logentry", "pk": 357, "fields": {"action_time": "2021-09-19T10:48:08.149Z", "user": 1, "content_type": 19, "object_id": "129", "object_repr": "98FCF0C45E09469190E57CA7B8EA3902", "action_flag": 3, "change_message": ""}}, {"model": "admin.logentry", "pk": 358, "fields": {"action_time": "2021-09-19T10:48:08.189Z", "user": 1, "content_type": 19, "object_id": "128", "object_repr": "AC5052DE23434C5DB262F9CFA0DD429A", "action_flag": 3, "change_message": ""}}, {"model": "admin.logentry", "pk": 359, "fields": {"action_time": "2021-09-19T10:48:08.233Z", "user": 1, "content_type": 19, "object_id": "127", "object_repr": "D10FD2D5AF984496B4FE979A5266243A", "action_flag": 3, "change_message": ""}}, {"model": "admin.logentry", "pk": 360, "fields": {"action_time": "2021-09-19T10:48:08.273Z", "user": 1, "content_type": 19, "object_id": "126", "object_repr": "3C81EFC77D2A43CB8101647C2A48480C", "action_flag": 3, "change_message": ""}}, {"model": "admin.logentry", "pk": 361, "fields": {"action_time": "2021-09-19T10:48:08.312Z", "user": 1, "content_type": 19, "object_id": "125", "object_repr": "C162084ACA7B4A42AB418BBAD267E3DE", "action_flag": 3, "change_message": ""}}, {"model": "admin.logentry", "pk": 362, "fields": {"action_time": "2021-09-19T10:48:08.349Z", "user": 1, "content_type": 19, "object_id": "124", "object_repr": "26B58FAFD6624105B7E87D541412D9DE", "action_flag": 3, "change_message": ""}}, {"model": "admin.logentry", "pk": 363, "fields": {"action_time": "2021-09-19T10:48:08.388Z", "user": 1, "content_type": 19, "object_id": "123", "object_repr": "1B9439B1D5EB4B7DA0F03B0E67297719", "action_flag": 3, "change_message": ""}}, {"model": "admin.logentry", "pk": 364, "fields": {"action_time": "2021-09-19T10:48:08.428Z", "user": 1, "content_type": 19, "object_id": "122", "object_repr": "A6F256EEAE904D91AE7B51F3F3DD0DB9", "action_flag": 3, "change_message": ""}}, {"model": "admin.logentry", "pk": 365, "fields": {"action_time": "2021-09-19T10:48:08.466Z", "user": 1, "content_type": 19, "object_id": "121", "object_repr": "1F115A2A5FD44F98950B50D4384F6889", "action_flag": 3, "change_message": ""}}, {"model": "admin.logentry", "pk": 366, "fields": {"action_time": "2021-09-19T10:48:08.503Z", "user": 1, "content_type": 19, "object_id": "120", "object_repr": "6222FD5E124F4C0E88F614B9D13948A5", "action_flag": 3, "change_message": ""}}, {"model": "admin.logentry", "pk": 367, "fields": {"action_time": "2021-09-19T10:48:08.535Z", "user": 1, "content_type": 19, "object_id": "119", "object_repr": "8786FA789279485D94C5A21C3F00B5C6", "action_flag": 3, "change_message": ""}}, {"model": "admin.logentry", "pk": 368, "fields": {"action_time": "2021-09-19T10:48:08.577Z", "user": 1, "content_type": 19, "object_id": "118", "object_repr": "2105397A50784EA5A4C76D26055E32BD", "action_flag": 3, "change_message": ""}}, {"model": "admin.logentry", "pk": 369, "fields": {"action_time": "2021-09-19T10:48:08.612Z", "user": 1, "content_type": 19, "object_id": "117", "object_repr": "FD4EEE0A8F704A8AA4C065BA7B8F5B67", "action_flag": 3, "change_message": ""}}, {"model": "admin.logentry", "pk": 370, "fields": {"action_time": "2021-09-19T10:48:08.647Z", "user": 1, "content_type": 19, "object_id": "116", "object_repr": "BFFFF4CBE4E74291A9345EA23EF07593", "action_flag": 3, "change_message": ""}}, {"model": "admin.logentry", "pk": 371, "fields": {"action_time": "2021-09-19T10:48:08.685Z", "user": 1, "content_type": 19, "object_id": "115", "object_repr": "B33DCFBFD9E846A7BAD51BAC40C14C64", "action_flag": 3, "change_message": ""}}, {"model": "admin.logentry", "pk": 372, "fields": {"action_time": "2021-09-19T10:48:08.724Z", "user": 1, "content_type": 19, "object_id": "114", "object_repr": "EE4D3A58C28843A3A92257845BFE68D6", "action_flag": 3, "change_message": ""}}, {"model": "admin.logentry", "pk": 373, "fields": {"action_time": "2021-09-19T10:48:08.763Z", "user": 1, "content_type": 19, "object_id": "113", "object_repr": "917BAECF57F046D282421D3EAF4CA34E", "action_flag": 3, "change_message": ""}}, {"model": "admin.logentry", "pk": 374, "fields": {"action_time": "2021-09-19T10:48:08.814Z", "user": 1, "content_type": 19, "object_id": "112", "object_repr": "75CC0373E8D649D8A5C8496A0C9BA114", "action_flag": 3, "change_message": ""}}, {"model": "admin.logentry", "pk": 375, "fields": {"action_time": "2021-09-19T10:48:08.852Z", "user": 1, "content_type": 19, "object_id": "111", "object_repr": "D66D2AFE2D2E4F3F8F5FD49A582FAFFD", "action_flag": 3, "change_message": ""}}, {"model": "admin.logentry", "pk": 376, "fields": {"action_time": "2021-09-19T10:48:08.883Z", "user": 1, "content_type": 19, "object_id": "110", "object_repr": "53107E5290614EED9B3EF865DFA60AF2", "action_flag": 3, "change_message": ""}}, {"model": "admin.logentry", "pk": 377, "fields": {"action_time": "2021-09-19T10:48:08.914Z", "user": 1, "content_type": 19, "object_id": "109", "object_repr": "598B69AC9CF84FED891C5391D6DB7CBF", "action_flag": 3, "change_message": ""}}, {"model": "admin.logentry", "pk": 378, "fields": {"action_time": "2021-09-19T10:48:08.945Z", "user": 1, "content_type": 19, "object_id": "108", "object_repr": "40CF894539DA4D4EA8A82EC981EBF2BC", "action_flag": 3, "change_message": ""}}, {"model": "admin.logentry", "pk": 379, "fields": {"action_time": "2021-09-19T10:48:08.975Z", "user": 1, "content_type": 19, "object_id": "107", "object_repr": "D87180DB1ACC43AF8B1F07134FD3BEEA", "action_flag": 3, "change_message": ""}}, {"model": "admin.logentry", "pk": 380, "fields": {"action_time": "2021-09-19T10:48:09.007Z", "user": 1, "content_type": 19, "object_id": "106", "object_repr": "C8693162BABC4661AF2C77F721526A26", "action_flag": 3, "change_message": ""}}, {"model": "admin.logentry", "pk": 381, "fields": {"action_time": "2021-09-19T10:48:09.038Z", "user": 1, "content_type": 19, "object_id": "105", "object_repr": "37BCDE3879324515924205260A481B82", "action_flag": 3, "change_message": ""}}, {"model": "admin.logentry", "pk": 382, "fields": {"action_time": "2021-09-19T10:48:09.069Z", "user": 1, "content_type": 19, "object_id": "104", "object_repr": "4A3235E74DAC4E0ABAD5DEC8CEEB436A", "action_flag": 3, "change_message": ""}}, {"model": "admin.logentry", "pk": 383, "fields": {"action_time": "2021-09-19T10:48:09.100Z", "user": 1, "content_type": 19, "object_id": "103", "object_repr": "B5215CBF4F1D40ABAD4914EB0B0DC51B", "action_flag": 3, "change_message": ""}}, {"model": "admin.logentry", "pk": 384, "fields": {"action_time": "2021-09-19T10:48:09.131Z", "user": 1, "content_type": 19, "object_id": "102", "object_repr": "9135F5A81D7B469DBCCE3EF75B467E7F", "action_flag": 3, "change_message": ""}}, {"model": "admin.logentry", "pk": 385, "fields": {"action_time": "2021-09-19T10:48:09.162Z", "user": 1, "content_type": 19, "object_id": "101", "object_repr": "6A151830B1AA4DE3979E6DDAA0F7F527", "action_flag": 3, "change_message": ""}}, {"model": "admin.logentry", "pk": 386, "fields": {"action_time": "2021-09-19T10:48:09.193Z", "user": 1, "content_type": 19, "object_id": "100", "object_repr": "44150ACBA59E45D69097AB76C3F96E01", "action_flag": 3, "change_message": ""}}, {"model": "admin.logentry", "pk": 387, "fields": {"action_time": "2021-09-19T10:48:09.224Z", "user": 1, "content_type": 19, "object_id": "99", "object_repr": "BBBB9FB200BA4B268E0B374DC089C848", "action_flag": 3, "change_message": ""}}, {"model": "admin.logentry", "pk": 388, "fields": {"action_time": "2021-09-19T10:48:09.255Z", "user": 1, "content_type": 19, "object_id": "98", "object_repr": "127F7F9841C2442D99277FC2841D8AFD", "action_flag": 3, "change_message": ""}}, {"model": "admin.logentry", "pk": 389, "fields": {"action_time": "2021-09-19T10:48:09.286Z", "user": 1, "content_type": 19, "object_id": "97", "object_repr": "3F82DB3458D94E8CB2E56CC2C4AAAC10", "action_flag": 3, "change_message": ""}}, {"model": "admin.logentry", "pk": 390, "fields": {"action_time": "2021-09-19T10:48:09.326Z", "user": 1, "content_type": 19, "object_id": "96", "object_repr": "C091745DBC69437383BCECF4E82B4B9C", "action_flag": 3, "change_message": ""}}, {"model": "admin.logentry", "pk": 391, "fields": {"action_time": "2021-09-19T10:48:09.367Z", "user": 1, "content_type": 19, "object_id": "95", "object_repr": "3EA97BBE0ED94895ABFA794FA756E319", "action_flag": 3, "change_message": ""}}, {"model": "admin.logentry", "pk": 392, "fields": {"action_time": "2021-09-19T10:48:09.406Z", "user": 1, "content_type": 19, "object_id": "94", "object_repr": "AB1AFF4203F749B5A19D21A9E1C20A44", "action_flag": 3, "change_message": ""}}, {"model": "admin.logentry", "pk": 393, "fields": {"action_time": "2021-09-19T10:48:09.445Z", "user": 1, "content_type": 19, "object_id": "92", "object_repr": "1102947E52A04B6290F4310662FA63EA", "action_flag": 3, "change_message": ""}}, {"model": "admin.logentry", "pk": 394, "fields": {"action_time": "2021-09-19T10:48:09.478Z", "user": 1, "content_type": 19, "object_id": "91", "object_repr": "7DC6EBEFF490436D8A7505CEF2870B80", "action_flag": 3, "change_message": ""}}, {"model": "admin.logentry", "pk": 395, "fields": {"action_time": "2021-09-19T10:48:09.517Z", "user": 1, "content_type": 19, "object_id": "89", "object_repr": "4AAFC6AB420B4D01A4B27D4A0509854F", "action_flag": 3, "change_message": ""}}, {"model": "admin.logentry", "pk": 396, "fields": {"action_time": "2021-09-19T10:48:09.551Z", "user": 1, "content_type": 19, "object_id": "88", "object_repr": "30DB6BA7A3DF462E8540623CF3323A55", "action_flag": 3, "change_message": ""}}, {"model": "admin.logentry", "pk": 397, "fields": {"action_time": "2021-09-19T10:48:09.590Z", "user": 1, "content_type": 19, "object_id": "87", "object_repr": "4EBE73546F4E490D812F469C8CDBFDAB", "action_flag": 3, "change_message": ""}}, {"model": "admin.logentry", "pk": 398, "fields": {"action_time": "2021-09-19T10:48:09.627Z", "user": 1, "content_type": 19, "object_id": "86", "object_repr": "529C3CB7B6F84CBD8A900B213CE37981", "action_flag": 3, "change_message": ""}}, {"model": "admin.logentry", "pk": 399, "fields": {"action_time": "2021-09-19T10:48:09.663Z", "user": 1, "content_type": 19, "object_id": "85", "object_repr": "4FF99B3FB3A1496E9D7EF82D646AD554", "action_flag": 3, "change_message": ""}}, {"model": "admin.logentry", "pk": 400, "fields": {"action_time": "2021-09-19T10:48:09.697Z", "user": 1, "content_type": 19, "object_id": "84", "object_repr": "FD63336317FB488F8B953CB17B518A2B", "action_flag": 3, "change_message": ""}}, {"model": "admin.logentry", "pk": 401, "fields": {"action_time": "2021-09-19T10:48:09.729Z", "user": 1, "content_type": 19, "object_id": "83", "object_repr": "1F5DC320150F4AB3BBEA07D3B26F872D", "action_flag": 3, "change_message": ""}}, {"model": "admin.logentry", "pk": 402, "fields": {"action_time": "2021-09-19T10:48:09.768Z", "user": 1, "content_type": 19, "object_id": "82", "object_repr": "ABF9B82D6B444DE5A6BBD55DB0C45F6F", "action_flag": 3, "change_message": ""}}, {"model": "admin.logentry", "pk": 403, "fields": {"action_time": "2021-09-19T10:48:09.803Z", "user": 1, "content_type": 19, "object_id": "81", "object_repr": "80B11E0DCC124F13BB1A4B0FAB249B12", "action_flag": 3, "change_message": ""}}, {"model": "admin.logentry", "pk": 404, "fields": {"action_time": "2021-09-19T10:48:09.839Z", "user": 1, "content_type": 19, "object_id": "80", "object_repr": "8B29B74FC61E42BCBB867170B2126E79", "action_flag": 3, "change_message": ""}}, {"model": "admin.logentry", "pk": 405, "fields": {"action_time": "2021-09-19T10:48:09.875Z", "user": 1, "content_type": 19, "object_id": "79", "object_repr": "2A2ABF97D5164149ADDD6A79D4755E19", "action_flag": 3, "change_message": ""}}, {"model": "admin.logentry", "pk": 406, "fields": {"action_time": "2021-09-19T10:48:09.913Z", "user": 1, "content_type": 19, "object_id": "78", "object_repr": "5839E8E2196D42ADB0661E283D3CF23C", "action_flag": 3, "change_message": ""}}, {"model": "admin.logentry", "pk": 407, "fields": {"action_time": "2021-09-19T10:48:09.951Z", "user": 1, "content_type": 19, "object_id": "77", "object_repr": "137A467780374B4FB48B5AFD08A310CF", "action_flag": 3, "change_message": ""}}, {"model": "admin.logentry", "pk": 408, "fields": {"action_time": "2021-09-19T10:48:09.987Z", "user": 1, "content_type": 19, "object_id": "76", "object_repr": "333B7309049142C4981BFBBEF5604F3E", "action_flag": 3, "change_message": ""}}, {"model": "admin.logentry", "pk": 409, "fields": {"action_time": "2021-09-19T10:48:10.026Z", "user": 1, "content_type": 19, "object_id": "75", "object_repr": "CD13193E6612477385ACAB23763B026E", "action_flag": 3, "change_message": ""}}, {"model": "admin.logentry", "pk": 410, "fields": {"action_time": "2021-09-19T10:48:10.059Z", "user": 1, "content_type": 19, "object_id": "74", "object_repr": "5D86BCB050BF46238D005053FCAB2FD8", "action_flag": 3, "change_message": ""}}, {"model": "admin.logentry", "pk": 411, "fields": {"action_time": "2021-09-19T10:48:10.090Z", "user": 1, "content_type": 19, "object_id": "73", "object_repr": "705F924B83B54698BB498086F3E51B64", "action_flag": 3, "change_message": ""}}, {"model": "admin.logentry", "pk": 412, "fields": {"action_time": "2021-09-19T10:48:10.122Z", "user": 1, "content_type": 19, "object_id": "72", "object_repr": "6ECF9B3B37434F4EA821488372D912A5", "action_flag": 3, "change_message": ""}}, {"model": "admin.logentry", "pk": 413, "fields": {"action_time": "2021-09-19T10:48:10.152Z", "user": 1, "content_type": 19, "object_id": "71", "object_repr": "D477DB2EBFCF4C5887D685F997AE1C90", "action_flag": 3, "change_message": ""}}, {"model": "admin.logentry", "pk": 414, "fields": {"action_time": "2021-09-19T10:48:10.183Z", "user": 1, "content_type": 19, "object_id": "70", "object_repr": "443D9FCA2CDD405E80A703A2385B83D6", "action_flag": 3, "change_message": ""}}, {"model": "admin.logentry", "pk": 415, "fields": {"action_time": "2021-09-19T10:48:10.213Z", "user": 1, "content_type": 19, "object_id": "69", "object_repr": "5A7EB4A376E445DD9E7414C7990415BF", "action_flag": 3, "change_message": ""}}, {"model": "admin.logentry", "pk": 416, "fields": {"action_time": "2021-09-19T10:48:10.244Z", "user": 1, "content_type": 19, "object_id": "68", "object_repr": "639D2A84E8584E00BE7F045E51643C94", "action_flag": 3, "change_message": ""}}, {"model": "admin.logentry", "pk": 417, "fields": {"action_time": "2021-09-19T10:48:10.275Z", "user": 1, "content_type": 19, "object_id": "67", "object_repr": "D72A0F89695B49D4944AD611BB4CA77A", "action_flag": 3, "change_message": ""}}, {"model": "admin.logentry", "pk": 418, "fields": {"action_time": "2021-09-19T10:48:10.307Z", "user": 1, "content_type": 19, "object_id": "66", "object_repr": "87195CD320F14A3DA6379DFD69B155B6", "action_flag": 3, "change_message": ""}}, {"model": "admin.logentry", "pk": 419, "fields": {"action_time": "2021-09-19T10:48:10.337Z", "user": 1, "content_type": 19, "object_id": "65", "object_repr": "745EB94A5D8F4A34B1D0CC07A73CBBFC", "action_flag": 3, "change_message": ""}}, {"model": "admin.logentry", "pk": 420, "fields": {"action_time": "2021-09-19T10:48:10.368Z", "user": 1, "content_type": 19, "object_id": "64", "object_repr": "2782631154364C10A95F0947AFAA7125", "action_flag": 3, "change_message": ""}}, {"model": "admin.logentry", "pk": 421, "fields": {"action_time": "2021-09-19T10:48:10.398Z", "user": 1, "content_type": 19, "object_id": "63", "object_repr": "9C6F9152879749C5BB96AAC894293C32", "action_flag": 3, "change_message": ""}}, {"model": "admin.logentry", "pk": 422, "fields": {"action_time": "2021-09-19T10:48:10.429Z", "user": 1, "content_type": 19, "object_id": "62", "object_repr": "F3DA9AE8463648E091445ED4D89E7CC9", "action_flag": 3, "change_message": ""}}, {"model": "admin.logentry", "pk": 423, "fields": {"action_time": "2021-09-19T10:48:10.459Z", "user": 1, "content_type": 19, "object_id": "61", "object_repr": "BF34ADF86F2B42DF957B2F1B933437C8", "action_flag": 3, "change_message": ""}}, {"model": "admin.logentry", "pk": 424, "fields": {"action_time": "2021-09-19T10:48:10.491Z", "user": 1, "content_type": 19, "object_id": "60", "object_repr": "86C2BD39368A48AB9B117F3AF67960ED", "action_flag": 3, "change_message": ""}}, {"model": "admin.logentry", "pk": 425, "fields": {"action_time": "2021-09-19T10:48:10.522Z", "user": 1, "content_type": 19, "object_id": "59", "object_repr": "4A216B98C60246FF9C204BA12D8B20E4", "action_flag": 3, "change_message": ""}}, {"model": "admin.logentry", "pk": 426, "fields": {"action_time": "2021-09-19T10:48:10.553Z", "user": 1, "content_type": 19, "object_id": "58", "object_repr": "A4C73AB1EE9C47A2BFBF643FBD0C2EEB", "action_flag": 3, "change_message": ""}}, {"model": "admin.logentry", "pk": 427, "fields": {"action_time": "2021-09-19T10:48:10.584Z", "user": 1, "content_type": 19, "object_id": "57", "object_repr": "6DB3A213149546BFA572C807A3FC9125", "action_flag": 3, "change_message": ""}}, {"model": "admin.logentry", "pk": 428, "fields": {"action_time": "2021-09-19T10:48:10.615Z", "user": 1, "content_type": 19, "object_id": "56", "object_repr": "68B0FBB946B340BA8DB46B2E44BD1C0C", "action_flag": 3, "change_message": ""}}, {"model": "admin.logentry", "pk": 429, "fields": {"action_time": "2021-09-19T10:48:10.646Z", "user": 1, "content_type": 19, "object_id": "55", "object_repr": "0F78647F1E4E45FAB77407E4FC10D375", "action_flag": 3, "change_message": ""}}, {"model": "admin.logentry", "pk": 430, "fields": {"action_time": "2021-09-19T10:48:10.678Z", "user": 1, "content_type": 19, "object_id": "54", "object_repr": "10B0D0C833A341209B74B6FBA941CB77", "action_flag": 3, "change_message": ""}}, {"model": "admin.logentry", "pk": 431, "fields": {"action_time": "2021-09-19T10:48:10.709Z", "user": 1, "content_type": 19, "object_id": "53", "object_repr": "9D8C99F21C9F4967A3D67381C3C381AE", "action_flag": 3, "change_message": ""}}, {"model": "admin.logentry", "pk": 432, "fields": {"action_time": "2021-09-19T10:48:10.741Z", "user": 1, "content_type": 19, "object_id": "52", "object_repr": "71F55C0B885E468E80D8A3979D18F46A", "action_flag": 3, "change_message": ""}}, {"model": "admin.logentry", "pk": 433, "fields": {"action_time": "2021-09-19T10:48:10.772Z", "user": 1, "content_type": 19, "object_id": "51", "object_repr": "1DD746E06C4F4A6F90EFF1FD687B02F4", "action_flag": 3, "change_message": ""}}, {"model": "admin.logentry", "pk": 434, "fields": {"action_time": "2021-09-19T10:48:10.814Z", "user": 1, "content_type": 19, "object_id": "50", "object_repr": "ABBB245347574523AA0050DF81F3B162", "action_flag": 3, "change_message": ""}}, {"model": "admin.logentry", "pk": 435, "fields": {"action_time": "2021-09-19T10:48:10.853Z", "user": 1, "content_type": 19, "object_id": "49", "object_repr": "33133C780BDF40C09417BEB129BB6C7D", "action_flag": 3, "change_message": ""}}, {"model": "admin.logentry", "pk": 436, "fields": {"action_time": "2021-09-19T10:48:10.891Z", "user": 1, "content_type": 19, "object_id": "48", "object_repr": "A445AEF664434047B3C65B755407BB02", "action_flag": 3, "change_message": ""}}, {"model": "admin.logentry", "pk": 437, "fields": {"action_time": "2021-09-19T10:48:10.928Z", "user": 1, "content_type": 19, "object_id": "47", "object_repr": "1CB1373B8BF14796AB9A26D55D916880", "action_flag": 3, "change_message": ""}}, {"model": "admin.logentry", "pk": 438, "fields": {"action_time": "2021-09-19T10:48:10.965Z", "user": 1, "content_type": 19, "object_id": "46", "object_repr": "A871CFDEC6A145A5955DC399A64A1EBA", "action_flag": 3, "change_message": ""}}, {"model": "admin.logentry", "pk": 439, "fields": {"action_time": "2021-09-19T10:48:11.002Z", "user": 1, "content_type": 19, "object_id": "45", "object_repr": "5B1B022096A94991B145C0F7052A80FC", "action_flag": 3, "change_message": ""}}, {"model": "admin.logentry", "pk": 440, "fields": {"action_time": "2021-09-19T10:48:11.039Z", "user": 1, "content_type": 19, "object_id": "44", "object_repr": "7E15767A8DD74892A2CF83C1D838C0E1", "action_flag": 3, "change_message": ""}}, {"model": "admin.logentry", "pk": 441, "fields": {"action_time": "2021-09-19T10:48:11.074Z", "user": 1, "content_type": 19, "object_id": "43", "object_repr": "8C0BE43368A845F8AC17EE2BCA7A338C", "action_flag": 3, "change_message": ""}}, {"model": "admin.logentry", "pk": 442, "fields": {"action_time": "2021-09-19T10:48:11.112Z", "user": 1, "content_type": 19, "object_id": "42", "object_repr": "6CD6B6F581A748B8BCF3A5C411B073FE", "action_flag": 3, "change_message": ""}}, {"model": "admin.logentry", "pk": 443, "fields": {"action_time": "2021-09-19T10:48:11.149Z", "user": 1, "content_type": 19, "object_id": "41", "object_repr": "CCE898C451EA4CD7B9E30CAA40C420FA", "action_flag": 3, "change_message": ""}}, {"model": "admin.logentry", "pk": 444, "fields": {"action_time": "2021-09-19T10:48:24.417Z", "user": 1, "content_type": 19, "object_id": "40", "object_repr": "A8001552DE73485781C27ACFA45E070F", "action_flag": 3, "change_message": ""}}, {"model": "admin.logentry", "pk": 445, "fields": {"action_time": "2021-09-19T10:48:24.445Z", "user": 1, "content_type": 19, "object_id": "39", "object_repr": "10FBE9E442F34A49B302B668A6D08378", "action_flag": 3, "change_message": ""}}, {"model": "admin.logentry", "pk": 446, "fields": {"action_time": "2021-09-19T10:48:24.481Z", "user": 1, "content_type": 19, "object_id": "38", "object_repr": "A194A25AC72C4932879A12922A97668B", "action_flag": 3, "change_message": ""}}, {"model": "admin.logentry", "pk": 447, "fields": {"action_time": "2021-09-19T10:48:24.515Z", "user": 1, "content_type": 19, "object_id": "37", "object_repr": "8054535B44F54BC5A3C066B7BFED239B", "action_flag": 3, "change_message": ""}}, {"model": "admin.logentry", "pk": 448, "fields": {"action_time": "2021-09-19T10:48:24.546Z", "user": 1, "content_type": 19, "object_id": "36", "object_repr": "6C2E7344BF634CF08CD8A38AD5588894", "action_flag": 3, "change_message": ""}}, {"model": "admin.logentry", "pk": 449, "fields": {"action_time": "2021-09-19T10:48:24.577Z", "user": 1, "content_type": 19, "object_id": "35", "object_repr": "994B46C761844DEA87539376A038EFE9", "action_flag": 3, "change_message": ""}}, {"model": "admin.logentry", "pk": 450, "fields": {"action_time": "2021-09-19T10:48:24.608Z", "user": 1, "content_type": 19, "object_id": "34", "object_repr": "2CAD61EB45504103984EEC458BB25590", "action_flag": 3, "change_message": ""}}, {"model": "admin.logentry", "pk": 451, "fields": {"action_time": "2021-09-19T10:48:24.639Z", "user": 1, "content_type": 19, "object_id": "33", "object_repr": "2A1357635FFD4A58819523329EE1752A", "action_flag": 3, "change_message": ""}}, {"model": "admin.logentry", "pk": 452, "fields": {"action_time": "2021-09-19T10:48:24.669Z", "user": 1, "content_type": 19, "object_id": "32", "object_repr": "EC66C8273E2940DBAE697BD351B25BFE", "action_flag": 3, "change_message": ""}}, {"model": "admin.logentry", "pk": 453, "fields": {"action_time": "2021-09-19T10:48:24.699Z", "user": 1, "content_type": 19, "object_id": "31", "object_repr": "DFA424659AD54F0DAE0723A55C3FD99E", "action_flag": 3, "change_message": ""}}, {"model": "admin.logentry", "pk": 454, "fields": {"action_time": "2021-09-19T10:48:24.730Z", "user": 1, "content_type": 19, "object_id": "30", "object_repr": "31B5D3CC31D4421E9AAA8CBD34F44B72", "action_flag": 3, "change_message": ""}}, {"model": "admin.logentry", "pk": 455, "fields": {"action_time": "2021-09-19T10:48:24.761Z", "user": 1, "content_type": 19, "object_id": "29", "object_repr": "6825D72028294974A94571BF4A087C51", "action_flag": 3, "change_message": ""}}, {"model": "admin.logentry", "pk": 456, "fields": {"action_time": "2021-09-19T10:48:24.791Z", "user": 1, "content_type": 19, "object_id": "28", "object_repr": "EBB7B5DCDF4144AA9011C08B6CFA862D", "action_flag": 3, "change_message": ""}}, {"model": "admin.logentry", "pk": 457, "fields": {"action_time": "2021-09-19T10:48:24.824Z", "user": 1, "content_type": 19, "object_id": "27", "object_repr": "571340DBF7234A9796F1789C454EEA2B", "action_flag": 3, "change_message": ""}}, {"model": "admin.logentry", "pk": 458, "fields": {"action_time": "2021-09-19T10:48:24.862Z", "user": 1, "content_type": 19, "object_id": "26", "object_repr": "8F3D404060864CBE87E246EDA2EE5DF3", "action_flag": 3, "change_message": ""}}, {"model": "admin.logentry", "pk": 459, "fields": {"action_time": "2021-09-19T10:48:24.898Z", "user": 1, "content_type": 19, "object_id": "25", "object_repr": "D6C841CCFCCE4DF7929DA8753E631322", "action_flag": 3, "change_message": ""}}, {"model": "admin.logentry", "pk": 460, "fields": {"action_time": "2021-09-19T10:48:24.929Z", "user": 1, "content_type": 19, "object_id": "24", "object_repr": "869E1A122A6C4C4786FAD864523B9BCF", "action_flag": 3, "change_message": ""}}, {"model": "admin.logentry", "pk": 461, "fields": {"action_time": "2021-09-19T10:48:24.961Z", "user": 1, "content_type": 19, "object_id": "23", "object_repr": "8B88622AC547435BAB2E10478CEAA7FD", "action_flag": 3, "change_message": ""}}, {"model": "admin.logentry", "pk": 462, "fields": {"action_time": "2021-09-19T10:48:24.997Z", "user": 1, "content_type": 19, "object_id": "22", "object_repr": "9DB5E0AD7E884EBB94321B2DB251C599", "action_flag": 3, "change_message": ""}}, {"model": "admin.logentry", "pk": 463, "fields": {"action_time": "2021-09-19T10:48:25.028Z", "user": 1, "content_type": 19, "object_id": "21", "object_repr": "1087ED18B38E4964BDF1D791F2C77F4C", "action_flag": 3, "change_message": ""}}, {"model": "admin.logentry", "pk": 464, "fields": {"action_time": "2021-09-19T10:48:25.059Z", "user": 1, "content_type": 19, "object_id": "20", "object_repr": "7F2930F5D7B547C5B866AAFA620C6056", "action_flag": 3, "change_message": ""}}, {"model": "admin.logentry", "pk": 465, "fields": {"action_time": "2021-09-19T10:48:25.091Z", "user": 1, "content_type": 19, "object_id": "19", "object_repr": "5CEE9A0950FC4E3EA61A0E84493EAC2B", "action_flag": 3, "change_message": ""}}, {"model": "admin.logentry", "pk": 466, "fields": {"action_time": "2021-09-19T10:48:25.132Z", "user": 1, "content_type": 19, "object_id": "18", "object_repr": "E0C848B13C624E32A12DCEE78EDE5A71", "action_flag": 3, "change_message": ""}}, {"model": "admin.logentry", "pk": 467, "fields": {"action_time": "2021-09-19T10:48:25.172Z", "user": 1, "content_type": 19, "object_id": "17", "object_repr": "C055F3BAEDE341F2B92782146A02EE99", "action_flag": 3, "change_message": ""}}, {"model": "admin.logentry", "pk": 468, "fields": {"action_time": "2021-09-19T10:48:25.210Z", "user": 1, "content_type": 19, "object_id": "16", "object_repr": "CC7F4854480246EE9FCDE3DB5C8237B1", "action_flag": 3, "change_message": ""}}, {"model": "admin.logentry", "pk": 469, "fields": {"action_time": "2021-09-19T10:48:25.248Z", "user": 1, "content_type": 19, "object_id": "15", "object_repr": "0BC180A5C6624AD39CA7906C9463225B", "action_flag": 3, "change_message": ""}}, {"model": "admin.logentry", "pk": 470, "fields": {"action_time": "2021-09-19T10:48:25.288Z", "user": 1, "content_type": 19, "object_id": "14", "object_repr": "EE170EA80C9F46B38D04144F0A8C7815", "action_flag": 3, "change_message": ""}}, {"model": "admin.logentry", "pk": 471, "fields": {"action_time": "2021-09-19T10:48:25.328Z", "user": 1, "content_type": 19, "object_id": "13", "object_repr": "46773F8290B443E3862AD81427F9B6C5", "action_flag": 3, "change_message": ""}}, {"model": "admin.logentry", "pk": 472, "fields": {"action_time": "2021-09-19T10:48:25.364Z", "user": 1, "content_type": 19, "object_id": "12", "object_repr": "3B50DCE8CA8048E2BF08D5AB490BBA33", "action_flag": 3, "change_message": ""}}, {"model": "admin.logentry", "pk": 473, "fields": {"action_time": "2021-09-19T10:48:25.402Z", "user": 1, "content_type": 19, "object_id": "11", "object_repr": "CB78CB7B26AA473CB261BC1BAB7F7691", "action_flag": 3, "change_message": ""}}, {"model": "admin.logentry", "pk": 474, "fields": {"action_time": "2021-09-19T10:48:25.440Z", "user": 1, "content_type": 19, "object_id": "10", "object_repr": "4F935DDF3AAA4EE9A5FDD106CBA22206", "action_flag": 3, "change_message": ""}}, {"model": "admin.logentry", "pk": 475, "fields": {"action_time": "2021-09-19T10:48:25.473Z", "user": 1, "content_type": 19, "object_id": "9", "object_repr": "22F6BE1372D5400EBAFCEFD8EB1F4691", "action_flag": 3, "change_message": ""}}, {"model": "admin.logentry", "pk": 476, "fields": {"action_time": "2021-09-19T10:48:25.504Z", "user": 1, "content_type": 19, "object_id": "8", "object_repr": "62B26D26118044FE8A775B20C239C3B7", "action_flag": 3, "change_message": ""}}, {"model": "admin.logentry", "pk": 477, "fields": {"action_time": "2021-09-19T10:48:25.534Z", "user": 1, "content_type": 19, "object_id": "7", "object_repr": "365B3160AA78427E989EB32B0F5E94D6", "action_flag": 3, "change_message": ""}}, {"model": "admin.logentry", "pk": 478, "fields": {"action_time": "2021-09-19T10:48:25.564Z", "user": 1, "content_type": 19, "object_id": "6", "object_repr": "1E2C90258482464A83C2D310001D8DF8", "action_flag": 3, "change_message": ""}}, {"model": "admin.logentry", "pk": 479, "fields": {"action_time": "2021-09-19T10:48:25.595Z", "user": 1, "content_type": 19, "object_id": "5", "object_repr": "CCB166F3E0EB4CF98EECC92F826A7145", "action_flag": 3, "change_message": ""}}, {"model": "admin.logentry", "pk": 480, "fields": {"action_time": "2021-09-19T10:48:25.626Z", "user": 1, "content_type": 19, "object_id": "4", "object_repr": "6004AA23281941098923CDB8052C3E77", "action_flag": 3, "change_message": ""}}, {"model": "admin.logentry", "pk": 481, "fields": {"action_time": "2021-09-19T10:48:25.656Z", "user": 1, "content_type": 19, "object_id": "3", "object_repr": "3A73E04EFEE84415803C50B4E6D690F0", "action_flag": 3, "change_message": ""}}, {"model": "admin.logentry", "pk": 482, "fields": {"action_time": "2021-09-19T10:48:25.687Z", "user": 1, "content_type": 19, "object_id": "2", "object_repr": "84BD5F30882F4EB99A76C99043E08920", "action_flag": 3, "change_message": ""}}, {"model": "admin.logentry", "pk": 483, "fields": {"action_time": "2021-09-19T10:48:25.718Z", "user": 1, "content_type": 19, "object_id": "1", "object_repr": "16C183BB8F374410B479BAE96E65F963", "action_flag": 3, "change_message": ""}}, {"model": "auth.user", "pk": 1, "fields": {"password": "pbkdf2_sha256$260000$2ZSu3ve95Ummz0Nn4nYkmd$yQdjEvxXoiMwTnFsij+dsJTYpY18wWebyT3jRI6KoaY=", "last_login": "2021-09-18T10:31:27.435Z", "is_superuser": true, "username": "ChrisU", "first_name": "Chris", "last_name": "Undritz", "email": "undritz.cu@gmail.com", "is_staff": true, "is_active": true, "date_joined": "2021-08-18T11:45:19Z", "groups": [], "user_permissions": []}}, {"model": "auth.user", "pk": 2, "fields": {"password": "pbkdf2_sha256$260000$EkrvckNs4BV48RHT8m4P5l$8TmOZJqlp/gMB9vmtah7ZCs3hi8QyQlr0ZjWREYZ/mI=", "last_login": "2021-09-17T08:53:24.961Z", "is_superuser": false, "username": "SophieU", "first_name": "", "last_name": "", "email": "sophie@mail.com", "is_staff": false, "is_active": true, "date_joined": "2021-09-13T17:46:57.850Z", "groups": [], "user_permissions": []}}, {"model": "sessions.session", "pk": "07k61jllgxqrvy7lkgwu4b24oof9ect2", "fields": {"session_data": "eyJjYXJ0Ijp7IjMiOjJ9fQ:1mLRvi:ASkkT2zci_2it-MmPQtBGMbVdmkYPfMCytMBj0H1X6I", "expire_date": "2021-09-15T15:13:34.483Z"}}, {"model": "sessions.session", "pk": "0l19gwbp2mcf2lqb1feq9e4t046hyzbw", "fields": {"session_data": "eyJzYXZlX2luZm8iOmZhbHNlfQ:1mPRwB:sWXbQElJnVZJvCbazuYiicZm0JH4il8X40PepZAV0E8", "expire_date": "2021-09-26T16:02:35.557Z"}}, {"model": "sessions.session", "pk": "15arlgcic8aqifehjxfph4xl418o9uu3", "fields": {"session_data": ".eJxVjDsOgzAQRO-yNbK8eG1jyvScAS1rO5BEIPGpEHcPSDQ0U8x7MzsIzyvUO3ioTQHVmUcBLW9r325LmtshQg0Ij65j-abxAvHD43tSMo3rPHTqUtRNF9VMMf1et_s46HnpzzVJcCaiFmdtLmMi0qiD5mwqIV8ilzoEj0iOrK1y4uxC9IKmc0ZnynD8AYOyPCk:1mKgg3:S9dB0hY2-Z4Pb-taqxYcbb5cqE0iaiorKnQqLb-LjsM", "expire_date": "2021-09-13T12:46:15.612Z"}}, {"model": "sessions.session", "pk": "42v5rsgnp2jc5z0cl4d1ezkg073m8ofa", "fields": {"session_data": "eyJjYXJ0Ijp7IjIiOjMsIjQiOjF9fQ:1mLsJ2:DMtDGki8Jau3JYtzFz154eyjbTzVc2XfLEkZ6Ykvz40", "expire_date": "2021-09-16T19:23:24.083Z"}}, {"model": "sessions.session", "pk": "43azujc9f8p2uy6dqtvlqgibp9g7pxuk", "fields": {"session_data": "eyJjYXJ0Ijp7IjYiOjF9fQ:1mMAx1:c5HRBfcDJVp5wr0UepyEPmhMHejwAGvUgZJSThAqdDk", "expire_date": "2021-09-17T15:17:55.579Z"}}, {"model": "sessions.session", "pk": "45grikmf2oe5i6o2prqzm39hpq7162wa", "fields": {"session_data": ".eJxVjDsOgzAQRO-yNbK89tpgyvScAS1rO5BEIPGpEHcPSBRJM8XMm7dDy9vat9uS5naIUANC8dt1LO80XkN88ficlEzjOg-duhB1r4tqppg-j5v9E_S89OebJHgbUYt3LpuYiDTqoDnbSqg0yEaHUCKSJ-eqnDj7EEtB23mrM-VTKjyvUO9goHYFhDOP4wtwuDwp:1mKKTM:dG6CT1l9Qj8NOkIwsl1khvT0q38gd_DzWCJcwDsKn-8", "expire_date": "2021-09-12T13:03:40.467Z"}}, {"model": "sessions.session", "pk": "4o3asvqwm64hhqb530u3j66t4oce9dnz", "fields": {"session_data": ".eJxVjEEOgyAQRe_CuiEgA4rL7nsGMsJMtTWQiHbT9O7VxEW7_e_99xYBt3UMW6UlTEn0QovL7zZgfFI-QHpgvhcZS16XaZCHIk9a5a0kmq-n-xcYsY77G6J3JmkVnbXcJAJQWnmFbLoIbaOxUd63WoMDazsmZOdTG7UZnFEMvEcrvihMmYvoGedKny_MeD1P:1mRuN0:LpZKDgkFpspssslnpwtouacbtyLbRKEg0W98wnr700w", "expire_date": "2021-10-03T10:48:26.147Z"}}, {"model": "sessions.session", "pk": "5c22y6tkux1n5fakh4s438gki19j2hn2", "fields": {"session_data": "eyJjYXJ0Ijp7IjUiOjEsIjciOjEsIjkiOjEsIjYiOjF9fQ:1mLlMs:RJB_8PYGFNZb7z_PjZRGl-V09MlW3gRg3YnhAnzsBmI", "expire_date": "2021-09-16T11:58:54.037Z"}}, {"model": "sessions.session", "pk": "62lokcdvp8tamkmwyz1vlthhry0nb4l2", "fields": {"session_data": ".eJxVjMsOwiAQRf-FtSEz5dHSpXu_gVAYLGrAQJtojP-uTbrQ7T3nnhezbl1muzaqNgU2MmSH321y_kp5A-Hi8rlwX_JS08Q3he-08VMJdDvu7l9gdm3-vqU3WgQEr5WKXSApAcGAi2Lwsu_QdWBMjyi1VGqI5KI2ofcoJi0gyrhFG7WWSrb0uKf6ZCO8P0wzPh0:1mRHu6:3N-F7D1OW-D_isadyS1uQs7QrrZg5kG2m1iVa91tuSs", "expire_date": "2021-10-01T17:44:02.278Z"}}, {"model": "sessions.session", "pk": "7ho4z3is2b0wrubhw2ztebbqaywnot7x", "fields": {"session_data": "eyJjYXJ0Ijp7IjIiOjUsIjMiOjN9fQ:1mLRJM:b6Kv7fmXoZXLedDd3TZB5fTcirHfQFZWKcdHpMqJAyQ", "expire_date": "2021-09-15T14:33:56.820Z"}}, {"model": "sessions.session", "pk": "7mni4jsigvh5dweocmcsa15goj9nm7qh", "fields": {"session_data": "e30:1mPosg:St19Uu5qhWwjtz0bTdaZW-v5nvFzrAmT3S_lyI6WSPk", "expire_date": "2021-09-27T16:32:30.674Z"}}, {"model": "sessions.session", "pk": "880p5a6wq37eyqbctdk02fcufsjnxkoc", "fields": {"session_data": ".eJxVjMsOwiAQRf-FdUOgPFq6dO83kCkMFjVgOq3RGP9dm3Sh23vOPS_mYV0mvxLOPkc2MMma322EcMGygXiGcqo81LLMeeSbwndK_FgjXg-7-xeYgKbvWwdnVZQiWGNSG1FrIYUTkFQfdNdKaIVznZTaamP6hJCsi12QarRKJJ22KCFRrsXj45bnJxtEwwju6HNJlQ0JroTvD-KYRIw:1mQDcp:DgtVTgNhuDQ24EmX1pDe1PylE3uBNnpdCf_HPNKH6pw", "expire_date": "2021-09-28T18:57:47.430Z"}}, {"model": "sessions.session", "pk": "8upa6a3zwac1dj783aqdmk25ijpcrsyu", "fields": {"session_data": ".eJxVjDsOgzAQBe-ydWTZ-AOmTM8ZrMXeDSTIljCkiXL3BImG9s3M-0DFN4U5c4Gecal0g4D7NoW90hrmBD0ouGwjxhflA6Qn5kcRseRtnUdxKOKkVQwl0XI_3cvBhHX61yZ6p5OS0VnLTSJjpJJeIusumrZR2EjvW6WMM9Z2TMjOpzYqPTot2TB8f0TnPU8:1mNhES:iQfJf6BA4gKZX1_bGC9s8RT_73HFcyKRsNwNDaSR9fY", "expire_date": "2021-09-21T19:58:12.125Z"}}, {"model": "sessions.session", "pk": "931h9xyntpecowpq9wd4yz74lqa1mwdk", "fields": {"session_data": ".eJxVjMsOwiAQRf-FtSEz5dHSpXu_gVAYLGrAQJtojP-uTbrQ7T3nnhezbl1muzaqNgU2MmSH321y_kp5A-Hi8rlwX_JS08Q3he-08VMJdDvu7l9gdm3-vqU3WgQEr5WKXSApAcGAi2Lwsu_QdWBMjyi1VGqI5KI2ofcoJi0gyrhFG7WWSrb0uKf6ZCO8P0wzPh0:1mGOUc:k4GqQf-8SIiNWXHVsmUcPBV7VzV3c9iD8_-kVkxBQNc", "expire_date": "2021-09-01T16:32:42.756Z"}}, {"model": "sessions.session", "pk": "a28lk8a4qz7fmewdafb9cljz6k3j3jdt", "fields": {"session_data": "eyJjYXJ0Ijp7IjIiOjJ9fQ:1mLRO7:FHHFR77fxvXQlzOydEAM2nO46QPO2tdagKDkpJmTj78", "expire_date": "2021-09-15T14:38:51.252Z"}}, {"model": "sessions.session", "pk": "cl22nx5g6pek82qg0xb9i24ebl1eo6sk", "fields": {"session_data": "eyJjYXJ0Ijp7IjIiOjUsIjMiOjEsIjkiOjIsIjQiOjR9fQ:1mLkgF:z5Sc-OsYLekwkq0z1jm-8xXoJqeRGQ9W89INyvxv29w", "expire_date": "2021-09-16T11:14:51.404Z"}}, {"model": "sessions.session", "pk": "dcbymzd0cx9ok4em47mij98j90z9lq9i", "fields": {"session_data": ".eJxVjMsOwiAQRf-FtSFTHg106d5vIFMYLGrAQJvUGP_dNulCt_ecc9_M4TJPbmlUXQpsYIKdfrcR_Z3yDsIN87VwX_Jc08h3hR-08UsJ9Dgf7t_BhG3aaquthM6CNwDKRNOLiMqroNEaaaSMIJQJ1EetIiAKP1rSsuuF3apO0X7aqLVUsqP1meqLDfD5AkRCPfc:1mQrTu:aFEM4jkNbr5dQdDD1q1NqCVozJ2xLvdsmn2ob2TlrEs", "expire_date": "2021-09-30T13:31:14.704Z"}}, {"model": "sessions.session", "pk": "g6zalvb5w4beumo2lxclvyln3c9ijbem", "fields": {"session_data": ".eJyrVkpOLCpRsqpWMlWyMtRRMgaThgZgyghMmgDJ2loA0QEJYw:1mLlYh:uZxdu9Hru6jb_82vFFNz6s1GfC4_DqBixWWLGNdU4n0", "expire_date": "2021-09-16T12:11:07.966Z"}}, {"model": "sessions.session", "pk": "gh21hlrwnn2t4lhnj4u4ajjesn6f4fgt", "fields": {"session_data": ".eJxVjMsOwiAQRf-FtSEz5dHSpXu_gVAYLGrAQJtojP-uTbrQ7T3nnhezbl1muzaqNgU2MmSH321y_kp5A-Hi8rlwX_JS08Q3he-08VMJdDvu7l9gdm3-vqU3WgQEr5WKXSApAcGAi2Lwsu_QdWBMjyi1VGqI5KI2ofcoJi0gyrhFG7WWSrb0uKf6ZCO8P0wzPh0:1mQtjm:fLOpIroBkxvqHPJt994SmOdc6w-FGEwBpDZZh50DcHE", "expire_date": "2021-09-30T15:55:46.183Z"}}, {"model": "sessions.session", "pk": "gs7m02spl5q6tladzxn4gncw4ckal1u4", "fields": {"session_data": ".eJxVjDsOgzAQRO-yNbK8_mKX6XMGtKztQBKBxKdC3D0Q0dCMRvNmZgOmaYG4gYaIFbi_eoiqgnD4vYKG1qVr1jlPTZ8gAsIta4k_eThBetPwGgWPwzL1rTgr4qKzeI4pfx9X93bQ0dwda8PB6YSSnbVFpWyMRBkkFV2z8QpJyRA8onHG2rpkKi4kz6hbp2UxBfYfOZE-Rg:1mKhnE:3sQVHEQi9tLH4HoC5SB0E7UdHYxAvo7q6MhUoEDDLLE", "expire_date": "2021-09-13T13:57:44.472Z"}}, {"model": "sessions.session", "pk": "ik8lvb6g9ov420pvgbj1optqjeqsxnht", "fields": {"session_data": "eyJjYXJ0Ijp7IjMiOjJ9fQ:1mKhem:utHiyYjhcPsh1JsrO17I-OYmXMc-3JKTKOebN4nf8zo", "expire_date": "2021-09-13T13:49:00.594Z"}}, {"model": "sessions.session", "pk": "k1rxu30y147h46ssbikerwbltg125m3q", "fields": {"session_data": ".eJxVjMsOwiAQRf-FdUOgPFq6dO83kCkMFjVgOq3RGP9dm3Sh23vOPS_mYV0mvxLOPkc2MMma322EcMGygXiGcqo81LLMeeSbwndK_FgjXg-7-xeYgKbvWwdnVZQiWGNSG1FrIYUTkFQfdNdKaIVznZTaamP6hJCsi12QarRKJJ22KCFRrsXj45bnJxtEwwju6HNJlQ0JroTvD-KYRIw:1mQT2j:wgO1kfmtAlfmHyQWBJbxuGdZ537O-PqnPvfcHcjis34", "expire_date": "2021-09-29T11:25:33.219Z"}}, {"model": "sessions.session", "pk": "l6dzrvuuft003bh24thk3lx05eqmlrzw", "fields": {"session_data": "eyJjYXJ0Ijp7IjIiOjcsIjQiOjF9fQ:1mLASn:2S1Y3BG75xh7TWCn7ufxtXgG8rp7xVjSrtLTwmKzSVs", "expire_date": "2021-09-14T20:34:33.884Z"}}, {"model": "sessions.session", "pk": "p52vbkk19wax0yo0zu6mtwqlfb38iaw6", "fields": {"session_data": "eyJjYXJ0Ijp7IjIiOjN9fQ:1mLRMM:nSWf0oGGh4hwgoE9moq7W1sQiLFvtV_F_Hmo0A7yw_Y", "expire_date": "2021-09-15T14:37:02.078Z"}}, {"model": "sessions.session", "pk": "rda07t9o8w980kloxc2wj5kz7ssshxvi", "fields": {"session_data": "eyJjYXJ0Ijp7IjIiOjEsIjciOjIsIjEwIjoxLCI0IjoxfX0:1mKhGp:-LKB6n-l0NIEYvKvdJMt9yPWWjDBgRlG-rboCzsCGXM", "expire_date": "2021-09-13T13:24:15.442Z"}}, {"model": "sessions.session", "pk": "s0jiyaef8egz63oltl27r1ycmvuri00y", "fields": {"session_data": ".eJxVjMsOwiAQRf-FtSEz5dHSpXu_gVAYLGrAQJtojP-uTbrQ7T3nnhezbl1muzaqNgU2MmSH321y_kp5A-Hi8rlwX_JS08Q3he-08VMJdDvu7l9gdm3-vqU3WgQEr5WKXSApAcGAi2Lwsu_QdWBMjyi1VGqI5KI2ofcoJi0gyrhFG7WWSrb0uKf6ZCO8P0wzPh0:1mPrpc:Zq_Vqa-d8exKWaUaRuSvRUX9CY1yNJJeTtMRNcmgcCc", "expire_date": "2021-09-27T19:41:32.473Z"}}, {"model": "sessions.session", "pk": "u5hy6ntcap2lv8tgswlqrjjqf0yv42fw", "fields": {"session_data": "eyJzYXZlX2luZm8iOmZhbHNlLCJjYXJ0Ijp7IjQiOjF9fQ:1mP5fF:xQj5xdNiYHNW0vFDuiDfOTccXzMHFE61mDauv-C59TY", "expire_date": "2021-09-25T16:15:37.394Z"}}, {"model": "sessions.session", "pk": "uhacx9nolls0hmb2vo8h2p6pj65sef9l", "fields": {"session_data": "eyJjYXJ0Ijp7IjQiOjEzLCI1IjozfX0:1mLlJ2:LTTwt2ZGHZn1264GaNqd0SGbTrnvvWp-xvJl8AUh3HU", "expire_date": "2021-09-16T11:54:56.802Z"}}, {"model": "sessions.session", "pk": "uzefoj3422filry3kb9f1urpzfzstvng", "fields": {"session_data": "e30:1mPkMA:uBKiDzXLJIDNskBp4mdjiwtjNpuM4pcv8CIq_FL-YKo", "expire_date": "2021-09-27T11:42:38.056Z"}}, {"model": "sessions.session", "pk": "walwlsk26x7zjtw74davhxu0txzjess6", "fields": {"session_data": ".eJyrVkpOLCpRsqpWMleyMtVRsgSTFkpWhjpKRmDSFEyaAcnaWgABzQpc:1mKeN9:R4Sji9GgVCHmbp1wDL34U9eU-T7noTjNOnIm0FrrLZQ", "expire_date": "2021-09-13T10:18:35.911Z"}}, {"model": "sessions.session", "pk": "woq6baf1ze6exs4yttu6imiok69ryleb", "fields": {"session_data": "eyJjYXJ0Ijp7IjMiOjEsIjQiOjEsIjEwIjoxLCIyIjo0NH19:1mL6I1:bQJXIomGo2YMZKoWxTN-Oc_HXLNQj74zqUiiBkRFn-A", "expire_date": "2021-09-14T16:07:09.563Z"}}, {"model": "sessions.session", "pk": "xltxso17quer49v5aa8gu986je3rf2jw", "fields": {"session_data": "eyJjYXJ0Ijp7IjIiOjJ9fQ:1mLRKa:9i_UFC333Ia4IzIY8KthLmtsrdmP_tQTtjSeKkX-wLw", "expire_date": "2021-09-15T14:35:12.579Z"}}, {"model": "sessions.session", "pk": "ybvpc1uqva3od1n3q31ai7m082gmtxi9", "fields": {"session_data": "eyJjYXJ0Ijp7IjIiOjEzLCI2IjoxLCIxMCI6MSwiOSI6MTZ9fQ:1mKjbr:dVcN3nN0rRKbvP8GapvlezwLRdspmQvFMHcYCvl8uz0", "expire_date": "2021-09-13T15:54:07.032Z"}}, {"model": "sessions.session", "pk": "yzoewzui7a4nxoclz7erezu2924weh0f", "fields": {"session_data": "eyJjYXJ0Ijp7IjQiOjIsIjMiOjIsIjciOjJ9fQ:1mKhVG:raczQC1hZmlMC5Hp11io8rIormz0NVRo5aB3L_8fARY", "expire_date": "2021-09-13T13:39:10.388Z"}}, {"model": "sessions.session", "pk": "zexil9c86d1v5ltb1flp86oljxil1v3v", "fields": {"session_data": "e30:1mPouX:WRLKXX0b3yC--cEGgMVKEQ4eYY6nP31b4oyP1tkiWK0", "expire_date": "2021-09-27T16:34:25.744Z"}}, {"model": "sessions.session", "pk": "zm7rjvogu4xz8kbqnwj9x1vzy16m6fqd", "fields": {"session_data": "eyJjYXJ0Ijp7IjMiOjJ9fQ:1mKhdX:zWtEeN77RrDIdv8jqKxTSxVCwl25i6qLahHA1Qfm5xw", "expire_date": "2021-09-13T13:47:43.340Z"}}, {"model": "sites.site", "pk": 1, "fields": {"domain": "boardgamebazaar.example.com", "name": "Boardgame Bazaar"}}, {"model": "account.emailaddress", "pk": 1, "fields": {"user": 1, "email": "undritz.cu@gmail.com", "verified": true, "primary": true}}, {"model": "account.emailaddress", "pk": 2, "fields": {"user": 2, "email": "sophie@mail.com", "verified": true, "primary": true}}, {"model": "products.genre", "pk": 1, "fields": {"name": "2_player", "friendly_name": "2 Player Games"}}, {"model": "products.genre", "pk": 2, "fields": {"name": "card_games", "friendly_name": "Card Games"}}, {"model": "products.genre", "pk": 3, "fields": {"name": "childrens", "friendly_name": "Childrens"}}, {"model": "products.genre", "pk": 4, "fields": {"name": "cooperative", "friendly_name": "Co-operative"}}, {"model": "products.genre", "pk": 5, "fields": {"name": "dice_games", "friendly_name": "Dice Games"}}, {"model": "products.genre", "pk": 6, "fields": {"name": "strategy", "friendly_name": "Strategy"}}, {"model": "products.genre", "pk": 7, "fields": {"name": "party", "friendly_name": "Party"}}, {"model": "products.genre", "pk": 8, "fields": {"name": "d_and_d", "friendly_name": "Dungeons & Dragons"}}, {"model": "products.genre", "pk": 9, "fields": {"name": "euro", "friendly_name": "Euro"}}, {"model": "products.genre", "pk": 10, "fields": {"name": "railroad", "friendly_name": "Railroad"}}, {"model": "products.genre", "pk": 11, "fields": {"name": "war", "friendly_name": "War"}}, {"model": "products.genre", "pk": 12, "fields": {"name": "economic", "friendly_name": "Economic"}}, {"model": "products.genre", "pk": 13, "fields": {"name": "roll_write", "friendly_name": "Roll & Write Games"}}, {"model": "products.category", "pk": 1, "fields": {"name": "none", "friendly_name": "None"}}, {"model": "products.category", "pk": 2, "fields": {"name": "bestseller", "friendly_name": "Bestseller"}}, {"model": "products.category", "pk": 3, "fields": {"name": "preorder", "friendly_name": "Pre-order"}}, {"model": "products.category", "pk": 4, "fields": {"name": "on_sale", "friendly_name": "On Sale"}}, {"model": "products.category", "pk": 5, "fields": {"name": "used", "friendly_name": "Used"}}, {"model": "products.condition", "pk": 1, "fields": {"name": "excellent", "friendly_name": "Excellent"}}, {"model": "products.condition", "pk": 2, "fields": {"name": "very_good", "friendly_name": "Very good"}}, {"model": "products.condition", "pk": 3, "fields": {"name": "good", "friendly_name": "Good"}}, {"model": "products.condition", "pk": 4, "fields": {"name": "worn", "friendly_name": "Worn"}}, {"model": "products.condition", "pk": 5, "fields": {"name": "new", "friendly_name": "New"}}, {"model": "products.product", "pk": 2, "fields": {"sku": "bg1000001", "product_name": "Great Western Trail", "description": "Set in a time in the 19th century in America, the players in the board game Great Western Trail try to breed cattle and try to drive their most valuable cattle from Texas to Kansas City. There they are to be sent west by train. It is important to use the buildings along the way sensibly and it is always worthwhile to employ cowboys, engineers and craftsmen. Good timing is required here and it remains exciting all the way. For two to four players aged 12 and over.", "release_date": "2016-09-16", "price": "45.99", "on_sale": true, "sale_price": "30.99", "stock": 10, "sold": 280, "category": 2, "condition": 5, "image": "great_western_trail.png", "used": false, "pre_order": false, "new_release": false}}, {"model": "products.product", "pk": 3, "fields": {"sku": "bg1000002", "product_name": "Brass Birmingham", "description": "Brass: Birmingham tells the story of competing entrepreneurs in the West Midlands during England's Industrial Revolution, between the years of 1770-1870.  You must develop, build, and establish your industries and network, in an effort to exploit low or high market demands.  Brass: Birmingham is a competitive, heavy weight, hand management, network building, economic game.", "release_date": "2018-10-24", "price": "51.99", "on_sale": false, "sale_price": null, "stock": 0, "sold": 139, "category": 2, "condition": 5, "image": "brass_birmingham.png", "used": false, "pre_order": false, "new_release": false}}, {"model": "products.product", "pk": 4, "fields": {"sku": "bg1000003", "product_name": "Ticket To Ride", "description": "One of the best and most well known gateway games!  Ticket to Ride is a cross-country train adventure in which players collect and play matching train cards to claim railway routes connecting cities throughout North America.  The longer the routes, the more points they earn.  Additional points come to those who can fulfill their Destination Tickets by connecting two distant cities, and to the player who builds the longest continuous railway.", "release_date": "2004-02-22", "price": "26.99", "on_sale": false, "sale_price": null, "stock": 0, "sold": 692, "category": 2, "condition": 5, "image": "ticket_to_ride.png", "used": false, "pre_order": false, "new_release": false}}, {"model": "products.product", "pk": 5, "fields": {"sku": "bg1000004", "product_name": "Scythe", "description": "It is a time of unrest in 1920s Europa. The ashes from the first great war still darken the snow. The capitalistic city-state known simply as The Factory, which fueled the war with heavily armored mechs, has closed its doors, drawing the attention of several nearby countries.  Scythe is an engine-building, asymmetric, competitive board game set in an alternate-history period. It is a time of farming and war, broken hearts and rusted gears, innovation and valor.", "release_date": "2016-04-24", "price": "59.99", "on_sale": false, "sale_price": null, "stock": 6, "sold": 246, "category": 2, "condition": 5, "image": "scythe.png", "used": false, "pre_order": false, "new_release": false}}, {"model": "products.product", "pk": 6, "fields": {"sku": "bg1000005", "product_name": "Irish Gauge", "description": "Irish Gauge is the first title in the Iron Rail series by Capstone Games. It is played on a map of Ireland and is similar in style to many of the stock-based, cube-rail games released by Winsome Games since 2007.  Irish Gauge is a game about building the railroads across Ireland. Savvy investors leverage their special interests to bring the railroads to their businesses.  A game of simple rules with varied strategies & tactics for 3-5 players ages 12 and up, playing in about an hour.", "release_date": "2014-11-10", "price": "23.99", "on_sale": false, "sale_price": null, "stock": 6, "sold": 129, "category": 1, "condition": 5, "image": "irish_gauge.png", "used": false, "pre_order": false, "new_release": false}}, {"model": "products.product", "pk": 7, "fields": {"sku": "bg1000006", "product_name": "Caverna: Cave Vs Cave", "description": "Caverna: Cave vs Cave is the two player re-implementation of Caverna. During the game, players will be competing to make the best cave for their dwarven tribe. They will be doing this by excavating the cave and constructing new rooms both for living quarters and to obtain resources.  Each player starts the game with only two dwarves and a small excavation in the side of a mountain. Over the course of eight rounds, they'll double their workforce, open up new living space in the mountain, construct new buildings and rooms in which to live, and dig for precious metals.", "release_date": "2017-05-06", "price": "15.99", "on_sale": false, "sale_price": null, "stock": 0, "sold": 101, "category": 4, "condition": 5, "image": "caverna_cave_v_cave.png", "used": false, "pre_order": false, "new_release": false}}, {"model": "products.product", "pk": 8, "fields": {"sku": "bg1000007", "product_name": "Summoner Wars: 2nd Edition", "description": "Summoner Wars Second Edition is a fully expandable, tactical dueling card game, featuring updated versions of beloved factions, along with exciting new factions ready to join the battle.  Summoner Wars puts you in the role of a powerful summoner. Display your tactical prowess by summoning units to your gates, outmaneuvering your opponent, and cutting down the enemy summoner. Countless unit types, a wide variety of spells and abilities, and the option to build your own decks, all make for a game sure to entertain, play after play.  The Master Set Contains 6 faction decks - The Vanguards, Savannah Elves, Polar Dwarves, Cave Goblins, Breakers and Fallen Kingdom.", "release_date": "2021-08-02", "price": "43.99", "on_sale": false, "sale_price": null, "stock": 0, "sold": 0, "category": 3, "condition": 5, "image": "summoner_wars.png", "used": false, "pre_order": false, "new_release": true}}, {"model": "products.product", "pk": 9, "fields": {"sku": "bg1000008", "product_name": "Fire in the Sky", "description": "Fire in the Sky is a two-player game of strategical rivalry and tactical responsiveness set in during the Pacific War, which stretched between Pearl Habor attack on December 7th 1941 and Hiroshima and Nagasaki obliteration in the atomic hellfire in August 1945. During 16 phase-based turns, you will attempt to conduct successful attacks on your opponents units, break loose from the sea siege or simply outsmart your enemy so craftily that his willingness to carry on would be crushed. Fire in the Sky provides you with a long, well-balanced gameplay. Choosing Japanese side of the conflict, gather as many points as possible (20 of them and your victory is immediate) in the first couple of turns and prevent your Allied opponents from retaking them late in the game. Positive victory points at the end of the game for the Land of the Rising Sun means it wins. Every other result makes Allied forces a winner.", "release_date": "2021-07-31", "price": "45.99", "on_sale": false, "sale_price": null, "stock": 2, "sold": 7, "category": 1, "condition": 5, "image": "fire_in_the_sky.png", "used": false, "pre_order": false, "new_release": true}}, {"model": "products.product", "pk": 10, "fields": {"sku": "bg1000009", "product_name": "Railroad Ink: Blazing Red Edition", "description": "Railroad Ink: Blazing Red Edition, is a compact, 1-6 player 'Roll and Write' family puzzle game.  Gameplay is refreshingly simple. Each player grabs themselves a dry wipe marker and board with their city area on it. One player rolls the set of four dice which have a variety of rail/road connections depicted on them. Players then use all the faces showing on the dice to start drawing routes. Your goal is to connect together as many railway and road exits as you can into a network, the player who does the best job will get the most points and win the game.", "release_date": "2018-03-20", "price": "14.99", "on_sale": false, "sale_price": null, "stock": 27, "sold": 53, "category": 4, "condition": 5, "image": "railroad_ink_red.png", "used": false, "pre_order": false, "new_release": false}}, {"model": "products.product", "pk": 11, "fields": {"sku": "bg1000010", "product_name": "Tsukuyumi: Full Moon Down", "description": "TSUKUYUMI is a no-luck boardgame, set in a post-apocalyptic world where humankind is on the verge of extinction.  Its particular appeal lies in the clash of multifarious, asymmetrical factions. At the beginning, each player picks one of the five factions. The factions bring their own respective abilities, units and strategies. Therefore the game changes depending on what factions meet on the battlefield.  Values and abilities of the factions still dont guarantee victory. Numerous test matches have shown: its the players who find new combinations and the right moments to use specific faction features, who notice their fellow players weaknesses and use them to their own advantages. This way, they shape their faction and bring the creatures and their stories to life.", "release_date": "2021-11-01", "price": "91.99", "on_sale": false, "sale_price": null, "stock": 0, "sold": 0, "category": 3, "condition": 5, "image": "tsukuyumi_full_moon_down.png", "used": false, "pre_order": true, "new_release": false}}, {"model": "products.genreassignment", "pk": 26, "fields": {"genre": 1, "product": 8}}, {"model": "products.genreassignment", "pk": 27, "fields": {"genre": 11, "product": 8}}, {"model": "products.genreassignment", "pk": 28, "fields": {"genre": 6, "product": 2}}, {"model": "products.genreassignment", "pk": 29, "fields": {"genre": 9, "product": 2}}, {"model": "products.genreassignment", "pk": 31, "fields": {"genre": 6, "product": 3}}, {"model": "products.genreassignment", "pk": 32, "fields": {"genre": 12, "product": 3}}, {"model": "products.genreassignment", "pk": 33, "fields": {"genre": 9, "product": 4}}, {"model": "products.genreassignment", "pk": 34, "fields": {"genre": 10, "product": 4}}, {"model": "products.genreassignment", "pk": 35, "fields": {"genre": 6, "product": 5}}, {"model": "products.genreassignment", "pk": 36, "fields": {"genre": 11, "product": 5}}, {"model": "products.genreassignment", "pk": 37, "fields": {"genre": 6, "product": 6}}, {"model": "products.genreassignment", "pk": 38, "fields": {"genre": 10, "product": 6}}, {"model": "products.genreassignment", "pk": 39, "fields": {"genre": 12, "product": 6}}, {"model": "products.genreassignment", "pk": 40, "fields": {"genre": 1, "product": 7}}, {"model": "products.genreassignment", "pk": 41, "fields": {"genre": 6, "product": 7}}, {"model": "products.genreassignment", "pk": 42, "fields": {"genre": 6, "product": 9}}, {"model": "products.genreassignment", "pk": 43, "fields": {"genre": 11, "product": 9}}, {"model": "products.genreassignment", "pk": 44, "fields": {"genre": 5, "product": 10}}, {"model": "products.genreassignment", "pk": 45, "fields": {"genre": 10, "product": 10}}, {"model": "products.genreassignment", "pk": 46, "fields": {"genre": 13, "product": 10}}, {"model": "products.genreassignment", "pk": 47, "fields": {"genre": 6, "product": 11}}, {"model": "products.genreassignment", "pk": 48, "fields": {"genre": 11, "product": 11}}, {"model": "products.genreassignment", "pk": 49, "fields": {"genre": 8, "product": 8}}, {"model": "products.genreassignment", "pk": 50, "fields": {"genre": 1, "product": 9}}, {"model": "profiles.userprofile", "pk": 1, "fields": {"user": 1, "default_street_address1": "23 Squirrel Street", "default_street_address2": "Magpies Farm", "default_town_or_city": "Winslow", "default_county": "Buckinghamshire", "default_postcode": "MK78 6TY", "default_country": "GB", "default_phone_number": "07892 777888"}}, {"model": "profiles.userprofile", "pk": 2, "fields": {"user": 2, "default_street_address1": null, "default_street_address2": null, "default_town_or_city": null, "default_county": null, "default_postcode": null, "default_country": null, "default_phone_number": null}}]